18,19,20,21,22,23,24,25,26,27,28,29
71470198,317,73052341,8144,73687993,46244573,25212228,78430247,88274151,25557,2442,13622
71469997,1254,73071683,12833,73694705,46234267,25213906,78429844,88278967,13408,738,11214
71471861,5324,73068542,11089,73690570,46243055,25212872,78433573,88275843,4782,13194,22323
71469532,5654,73080273,11553,73694680,46244038,25213900,78428914,88268652,20497,4709,17189
71473304,5826,73081637,12137,73681891,46229855,25210702,78436458,88269939,3168,9439,11524
71470072,4922,73083921,2547,73687500,46233018,25212105,78429995,88273447,8238,5765,15964
71470338,1996,73055692,11317,73683010,46242674,25210982,78430527,88275243,10479,9049,2643
71470430,5014,73061971,7167,73682456,46236886,25210844,78430710,88277400,10468,15987,22629
71471251,7157,73055531,2135,73694378,46234594,25213824,78432352,88270764,13824,8437,23874
71472353,3267,73082609,10755,73681718,46243998,25210659,78434556,88272911,6886,13540,4502
71470334,4670,73059347,10635,73693166,46242014,25213521,78430518,88275681,21132,2537,14378
71469947,5117,73080864,10418,73691038,46229801,25212989,78429744,88269074,31815,11777,10808
71471558,5262,73083779,12387,73687607,46236872,25212131,78432967,88277186,10334,16285,5132
71472381,1754,73064479,9748,73681968,46237169,25210722,78434612,88273753,32168,1173,2153
71470199,4795,73069569,15711,73682873,46232043,25210948,78430249,88272156,16889,4073,14455
71469971,4786,73062755,13518,73686929,46233916,25211962,78429793,88266619,22581,8919,22587
71469431,3595,73067582,5706,73683124,46231577,25211011,78428713,88281488,26192,15372,1563
71471597,5283,73062559,4966,73683603,46235279,25211130,78433044,88277214,9946,5348,28904
71472621,4885,73058214,7144,73690048,46230217,25212742,78435093,88274934,10706,147,27308
71471250,893,73057714,11589,73680974,46231435,25210473,78432351,88272761,19533,457,21692
71473053,7912,73053166,8447,73684089,46238413,25211252,78435957,88273907,30446,14588,28691
71472030,4977,73078237,3638,73680949,46234603,25210467,78433911,88269088,22111,13401,23232
71472834,4647,73055937,2475,73694414,46233215,25213833,78435518,88277788,31228,9154,19963
71471142,2242,73077971,520,73686809,46244169,25211932,78432135,88268867,1811,2193,8242
71471580,3540,73063698,2077,73689677,46235071,25212649,78433011,88275151,30471,13737,6278
71470810,7202,73060228,13944,73690530,46237334,25212862,78431471,88271896,20573,14416,13528
71470612,4660,73059273,5184,73679594,46232805,25210128,78431074,88269653,25930,14497,4723
71472386,6351,73062063,7381,73686887,46232886,25211951,78434623,88269633,29872,13873,2150
71469603,4844,73051582,9959,73684432,46236214,25211338,78429056,88275878,30633,10118,11431
71473308,2787,73076892,13812,73686395,46245603,25211828,78436466,88274487,1053,4681,6517
71471109,1328,73057597,10748,73680147,46241094,25210266,78432068,88272824,18871,2717,28924
71469481,4922,73054357,16026,73687501,46238610,25212105,78428812,88275412,25219,8277,8895
71472242,6475,73072526,5750,73690110,46239257,25212757,78434334,88266974,5921,14372,9439
71472044,8017,73058282,12533,73680501,46239150,25210355,78433938,88278130,26693,8693,5476
71470307,4754,73060143,5356,73692181,46230430,25213275,78430465,88267894,26675,9484,27049
71471421,4936,73082802,13607,73690256,46234934,25212794,78432692,88267069,11910,3587,27469
71470924,6529,73078219,13359,73680854,46241206,25210443,78431698,88274072,8337,11363,13359
71471623,2250,73073539,2476,73681401,46232388,25210580,78433096,88280445,25717,10726,24109
71472063,6636,73052429,13891,73694844,46245493,25213941,78433976,88267080,7190,14431,3149
71470043,5848,73053390,3418,73694162,46233547,25213770,78429937,88281762,2935,14969,6497
71469645,7932,73051613,4355,73695009,46244149,25213982,78429140,88268847,12870,8258,21094
71469963,8117,73061296,15736,73682268,46236259,25210797,78429777,88272417,20739,15296,98
71471073,175,73057200,2399,73694127,46232414,25213761,78431997,88281471,16859,766,28283
71470075,4774,73061707,16364,73686877,46243099,25211949,78430001,88272179,22796,16337,13296
71470698,6857,73078258,13861,73682261,46240679,25210795,78431247,88280156,16408,10670,9781
71471983,5517,73077000,2182,73690052,46237034,25212743,78433817,88266417,22283,12590,15659
71473335,6331,73065386,250,73692191,46235672,25213277,78436520,88279982,30812,7100,16857
71469658,2075,73063770,9159,73690134,46230412,25212763,78429166,88279154,14475,8008,21752
71471962,4176,73061870,2962,73681569,46244271,25210622,78433775,88266219,5755,802,28168
71470588,4578,73073098,2395,73684639,46230419,25211389,78431027,88266655,8686,11451,25879
71472021,222,73077706,3850,73690278,46245446,25212799,78433892,88278781,17615,15048,24771
71470570,7902,73060222,15038,73686793,46241204,25211928,78430990,88276121,27306,9399,10168
71472545,4484,73053845,5758,73688331,46241234,25212312,78434940,88267553,4616,8198,9900
71471126,5295,73079418,12226,73683655,46242917,25211143,78432103,88281909,7888,11307,7832
71470832,3591,73055218,339,73693940,46231509,25213715,78431515,88282133,23838,7170,22661
71472462,7347,73063749,15671,73691157,46239503,25213019,78434774,88280862,28324,193,15380
71469260,526,73052918,8376,73691581,46243945,25213125,78428371,88270773,19363,3878,30029
71469577,7659,73061822,13049,73687102,46231343,25212005,78429005,88275559,18358,8443,6252
71472760,2831,73052189,292,73681195,46236146,25210528,78435370,88278954,14948,7383,10519
71472985,4330,73053508,15265,73691708,46232533,25213157,78435821,88273241,2071,5164,3482
71469391,2082,73080857,6326,73682023,46240039,25210735,78428633,88270193,15030,1093,21226
71472926,3252,73064314,8248,73693834,46234806,25213688,78435702,88267468,2132,8554,7365
71473048,7874,73067433,3488,73682579,46242990,25210874,78435946,88278194,5820,12518,27152
71473179,1036,73071186,3686,73695121,46240240,25214010,78436209,88268622,27171,4044,28572
71469452,108,73078507,11502,73685702,46233680,25211655,78428755,88268653,12938,4430,32298
71471991,7023,73076520,3706,73695158,46244087,25214019,78433832,88269748,11006,11093,24164
71472614,5649,73084140,7811,73687921,46234936,25212210,78435079,88276008,13814,14025,25391
71473135,7257,73072647,7392,73682629,46233874,25210887,78436121,88282255,6324,5383,14496
71470467,3225,73067624,11982,73689674,46239104,25212648,78430785,88278511,29246,3667,28818
71471544,3952,73067899,1544,73690094,46244624,25212753,78432938,88270940,23476,9618,23430
71472885,7384,73063669,6016,73692665,46239934,25213396,78435621,88268932,4993,9280,10601
71469589,1384,73082998,2333,73691223,46241772,25213035,78429029,88272192,15205,689,6020
71471274,6284,73057289,3398,73694685,46242332,25213901,78432399,88277225,12855,328,23391
71471601,4974,73056565,6399,73693117,46242114,25213509,78433053,88278342,22629,12876,10007
71472399,6442,73068448,12985,73680491,46237160,25210352,78434649,88271555,4734,10750,5529
71473238,5840,73072425,14049,73683295,46238851,25211053,78436326,88271174,7963,12204,17002
71469419,7740,73074799,7404,73679303,46237025,25210055,78428688,88276758,32179,5192,17503
71471959,2383,73064263,9960,73680621,46235417,25210385,78433768,88272557,27889,4103,13634
71471194,6729,73082847,3564,73691204,46230266,25213031,78432239,88272662,23177,13995,31339
71471402,202,73067868,13115,73679359,46230948,25210069,78432654,88270722,18770,15133,18730
71472588,1435,73061967,873,73694135,46235663,25213763,78435026,88281019,23262,7560,18829
71471677,779,73054761,10173,73692675,46240692,25213398,78433205,88280606,23024,11580,25380
71470564,801,73067590,869,73688722,46245516,25212410,78430979,88268594,6647,6125,7578
71472620,897,73081724,10935,73686382,46232447,25211825,78435090,88280895,24835,15827,32503
71472320,1809,73082271,3861,73690340,46230969,25212815,78434491,88274175,10986,14962,515
71470047,53,73067643,5693,73692254,46233128,25213293,78429944,88274217,27567,10594,1344
71470100,1917,73078743,8910,73689458,46233840,25212594,78430051,88275003,24429,6090,10058
71472787,1453,73077728,1076,73683370,46237016,25211072,78435424,88276403,12312,1238,30622
71473054,2418,73055489,4148,73694297,46238131,25213804,78435959,88276208,32366,2161,8490
71469417,4416,73054939,11583,73693426,46241286,25213586,78428684,88279869,22921,9001,25829
71470089,1986,73069326,2647,73685662,46240808,25211645,78430029,88275541,29845,5431,19260
71471220,1322,73079496,4166,73688258,46240353,25212294,78432290,88272298,31789,7859,27659
71470911,3829,73055086,14351,73686871,46245280,25211947,78431672,88280859,2730,9453,16806
71470034,5448,73058568,8346,73695149,46231045,25214017,78429919,88276123,3403,7766,19596
71472986,5884,73056558,8385,73692966,46233737,25213471,78435823,88270799,27363,2601,31269
71470473,7372,73052054,14863,73692613,46234541,25213383,78430796,88272711,25988,14937,22730
71471173,6736,73057317,5196,73684445,46235551,25211341,78432196,88276174,31121,12730,24875
71469561,897,73072182,15551,73686382,46243522,25211825,78428972,88281194,10156,5577,20308
71471556,3660,73076173,4724,73686089,46244857,25211752,78432963,88271350,16942,5536,2549
71469509,218,73055050,7616,73684818,46232902,25211434,78428869,88270315,15740,2568,19266
71471630,7106,73078997,13562,73691467,46239257,25213096,78433111,88277491,24516,10349,7392
71469702,4700,73061554,15460,73685158,46243756,25211519,78429255,88271857,3971,6551,55
71470653,7502,73082524,16287,73686372,46236105,25211823,78431156,88267131,5512,9519,14906
71470063,7425,73068610,9302,73679300,46244968,25210055,78429976,88269376,8062,14250,21885
71472073,3918,73051656,3354,73693995,46235441,25213728,78433997,88278163,13674,4757,6062
71469853,4142,73076920,7208,73684117,46242821,25211259,78429556,88271082,6789,3664,129
71472878,1729,73067898,9505,73683216,46229816,25211034,78435607,88279178,21955,8189,18098
71473021,5483,73056050,1704,73693952,46244046,25213718,78435893,88280664,24081,10028,3692
71469878,6840,73074129,5128,73691673,46238161,25213148,78429606,88277230,17068,4584,30556
71470671,2466,73079442,12471,73694505,46232075,25213856,78431192,88278266,1250,13568,7250
71471001,5489,73068218,13849,73685841,46241933,25211690,78431853,88280176,24795,11337,27462
71472389,7143,73057631,4715,73691622,46243632,25213135,78434629,88277494,31671,2422,27097
71473291,586,73063608,3804,73691841,46239316,25213190,78436433,88272956,25781,6308,5396
71471579,4574,73070580,12338,73679230,46230077,25210037,78433009,88281158,13889,3760,31121
71471587,7040,73066418,14511,73685746,46234327,25211666,78433024,88270064,6130,2498,18902
71472811,5176,73060386,11858,73689946,46230231,25212716,78435473,88274166,18871,8348,25601
71471883,2152,73069797,3088,73679631,46245085,25210137,78433616,88266762,5479,669,17616
71472818,1365,73080982,9230,73681654,46243008,25210643,78435486,88269097,9294,3179,18554
71469830,430,73083271,12623,73695221,46245450,25214035,78429510,88276778,15112,11785,2198
71472665,1315,73060763,10725,73694966,46232656,25213971,78435181,88270288,10213,11073,19183
71469490,5452,73075594,8782,73684333,46241595,25211313,78428831,88281146,32608,8530,19131
71470147,2260,73083410,3240,73694972,46242537,25213973,78430145,88273673,32541,3421,18172
71469679,2693,73073718,4084,73691439,46244161,25213089,78429209,88273455,11124,15615,23291
71471492,6454,73065140,13638,73679190,46242630,25210027,78432835,88271424,11482,10017,13140
71469985,4803,73057428,4805,73693741,46244990,25213665,78429820,88272288,9852,15906,16622
71473300,5387,73074430,5000,73693537,46240477,25213614,78436451,88274512,20879,8793,9692
71473347,4273,73082341,16115,73680633,46242771,25210388,78436545,88273709,10204,7399,21674
71472436,2580,73051736,9917,73685510,46233972,25211607,78434722,88277001,1554,13934,25737
71472027,7003,73078932,9726,73684238,46238754,25211289,78433905,88268605,13140,9431,10010
71470749,7802,73061708,3457,73682266,46236508,25210796,78431349,88274816,23310,9054,10159
71472837,3326,73079402,13613,73695498,46230556,25214104,78435524,88268603,32328,3228,11315
71472915,7200,73064946,1253,73687827,46240958,25212186,78435680,88282080,24087,2208,2334
71469627,5573,73076969,9712,73682148,46235358,25210767,78429105,88271907,14926,9832,32380
71470189,1713,73070559,11622,73693981,46232996,25213725,78430228,88269671,8134,9233,1798
71469997,4683,73062170,449,73694570,46234387,25213872,78429845,88266953,27926,5409,29747
71471563,7971,73072427,1661,73682997,46235240,25210979,78432976,88282221,1131,12373,3173
71469642,444,73063985,1463,73681752,46232338,25210668,78429134,88268780,15075,6969,9615
71471769,5929,73070448,3459,73689119,46240634,25212509,78433389,88280696,32353,15443,158
71471717,1113,73072341,10767,73684616,46231561,25211384,78433285,88266415,5732,16148,9537
71472356,5520,73083614,10953,73694109,46237031,25213757,78434563,88278900,909,13068,21448
71469755,1510,73078001,284,73679574,46234323,25210123,78429360,88282079,2425,11710,7003
71470706,3074,73066146,14162,73680884,46239563,25210451,78431262,88278339,5795,241,24678
71470378,7251,73058897,5224,73690740,46237901,25212915,78430607,88269528,23853,12810,16011
71473008,4250,73061726,14757,73684584,46236125,25211376,78435867,88274714,15420,13288,3706
71469528,5475,73079938,14926,73683085,46242204,25211001,78428906,88269481,2833,13162,1664
71473280,7230,73057635,10158,73679818,46232697,25210184,78436411,88280068,11217,8612,28352
71470871,1185,73056422,8158,73682224,46230626,25210786,78431593,88270483,4334,12023,10986
71471803,3561,73062378,14960,73685672,46243753,25211648,78433456,88272203,5394,14137,3358
71470350,3601,73079870,6002,73691289,46233498,25213052,78430551,88274109,11209,11014,19693
71471307,6614,73080708,13431,73682571,46241210,25210872,78432464,88281952,20173,12246,26384
71471899,1211,73083929,15477,73685032,46245473,25211488,78433648,88277630,31449,13396,6932
71471747,7181,73065327,3690,73694483,46231076,25213850,78433345,88281920,29262,2594,8962
71471335,4167,73069290,4642,73685573,46231707,25211623,78432520,88273744,27655,3676,11796
71469668,1265,73065114,3367,73692054,46231458,25213243,78429187,88279094,12806,4877,11932
71471057,3752,73070380,4390,73681097,46242041,25210504,78431965,88281110,7626,5263,30758
71471166,1473,73063551,8079,73694291,46242543,25213802,78432183,88271653,3654,8693,14992
71470244,7967,73073764,12000,73693812,46242972,25213683,78430339,88281084,13177,10071,10179
71471039,6275,73082646,8771,73682465,46232905,25210846,78431929,88278168,18106,13691,5246
71471050,1529,73063908,12013,73689143,46240649,25212515,78431950,88279782,27356,10795,21326
71472863,8031,73072784,15317,73681904,46243313,25210706,78435577,88275425,3637,14747,6222
71472397,2740,73066895,14285,73687591,46239733,25212127,78434645,88272631,114,5475,8853
71471438,224,73066657,14244,73692982,46243087,25213475,78432727,88279009,13359,3927,16427
71470511,5506,73080667,2549,73692704,46242782,25213406,78430872,88276819,10294,16115,30885
71472298,2211,73068664,2121,73693413,46234726,25213583,78434447,88266488,28011,9086,12621
71471578,3502,73059965,13326,73686817,46231851,25211934,78433006,88269304,11363,14267,11703
71473127,7198,73066940,10291,73685071,46244739,25211497,78436105,88275946,8774,2546,7831
71470045,6138,73079687,15451,73695413,46241814,25214083,78429940,88276234,25648,7967,8106
71473292,4829,73071655,4226,73680325,46229786,25210311,78436434,88275090,17929,13453,7016
71471434,59,73075421,1871,73684142,46244441,25211265,78432718,88277422,16150,15253,30663
71470193,3601,73055895,2406,73691288,46242411,25213052,78430237,88272222,32494,13262,28264
71472860,3778,73075019,6224,73683904,46245656,25211206,78435570,88271631,3648,3210,28095
71471230,6824,73059238,1920,73686161,46229436,25211770,78432310,88273318,1887,14830,20925
71470440,711,73056423,4896,73681546,46242883,25210616,78430731,88282085,28706,7247,1772
71470683,4839,73055023,14566,73693896,46234086,25213704,78431217,88276276,6444,15457,12387
71469636,371,73052350,8552,73680088,46241206,25210252,78429123,88275818,26398,8983,16437
71472749,2543,73056590,15583,73684002,46233942,25211230,78435349,88275001,19283,6653,5205
71470704,869,73075973,10058,73680870,46233857,25210447,78431258,88280127,28892,4822,17954
71469656,2382,73056429,3851,73679268,46238134,25210047,78429163,88273220,31305,11619,9600
71473032,4964,73061818,4729,73679544,46235241,25210116,78435915,88267896,25988,1666,17075
71471406,1784,73052491,10352,73688885,46233569,25212451,78432663,88271305,2875,2700,19412
71470555,1711,73078658,16152,73691277,46238796,25213049,78430960,88282515,29441,4103,9178
71469797,2989,73082365,13307,73683225,46241953,25211036,78429444,88271354,4094,13855,28901
71472682,2172,73055911,3392,73690551,46236080,25212867,78435215,88270290,25015,1582,5503
71472884,5792,73058899,14193,73685791,46245631,25211677,78435619,88269774,23644,11929,18313
71472539,4803,73075576,14340,73693741,46237552,25213665,78434928,88273390,16167,7135,9151
71472150,6192,73054125,5406,73683452,46241791,25211093,78434151,88269615,23224,440,9671
71470294,4459,73073543,2993,73686874,46245134,25211948,78430439,88268517,20364,1717,11661
71472853,4754,73059233,7913,73692181,46243786,25213275,78435556,88270440,3014,13798,13555
71470840,1033,73058229,11814,73691065,46237398,25212996,78431531,88268587,7936,16109,3984
71472174,3484,73075462,5627,73694825,46240086,25213936,78434198,88278558,26147,3077,21287
71469797,3662,73077060,8420,73688844,46237349,25212441,78429444,88268056,20255,5428,9638
71472847,6076,73065527,883,73692448,46243280,25213342,78435544,88266524,20033,3854,13838
71470235,314,73060463,13689,73685235,46237492,25211538,78430321,88280632,14272,2887,28438
71469687,1812,73080943,14731,73694397,46238760,25213829,78429225,88273530,8987,2223,3281
71471561,3358,73076024,5603,73687543,46232443,25212115,78432973,88266651,5231,12255,29797
71470046,5062,73062227,5392,73681315,46240553,25210558,78429943,88267199,23215,11659,17946
71471928,7121,73060201,6186,73694223,46243930,25213785,78433706,88267503,16683,11504,18449
71470576,991,73076991,9351,73682744,46242262,25210916,78431002,88278182,26257,4855,15017
71472611,7579,73073916,9367,73692147,46239312,25213266,78435072,88272602,13102,6725,23564
71469462,2688,73056816,11853,73684626,46238121,25211386,78428774,88282493,13023,7371,21131
71470185,3208,73051748,13101,73682811,46236579,25210932,78430221,88281750,31009,5306,11951
71472432,3296,73057123,2901,73688635,46243238,25212388,78434715,88276742,30515,7658,15424
71472697,6832,73078387,13398,73680804,46241057,25210431,78435244,88278405,19027,3057,21417
71470781,8032,73080577,6554,73683257,46233399,25211044,78431413,88267772,10537,14970,26581
71472942,5235,73078730,1913,73683395,46242814,25211078,78435735,88274685,14477,11093,3671
71469350,5304,73065457,15891,73679651,46237416,25210142,78428550,88267898,31385,2610,13053
71471774,2991,73071640,16143,73685929,46232389,25211712,78433399,88271170,6303,6406,1994
71470208,5077,73064745,3232,73685422,46238535,25211585,78430266,88279201,13528,11272,16450
71471507,7514,73066904,15444,73686424,46239136,25211836,78432864,88280122,30606,11709,1282
71472142,5095,73079820,3890,73693639,46240574,25213639,78434134,88273394,11221,383,31862
71471038,6867,73083270,8375,73679608,46231082,25210132,78431926,88271098,12460,4201,15305
71470488,2405,73057982,11932,73692892,46242667,25213453,78430827,88280572,7652,12714,31371
71470847,2935,73066123,14029,73691128,46232400,25213012,78431544,88268554,5577,1597,2285
71472699,3496,73057465,1795,73694876,46239490,25213949,78435248,88270115,8857,13432,20746
71471244,3465,73065544,4580,73686607,46242484,25211881,78432339,88266436,9042,8859,25419
71469839,3070,73055039,12823,73691700,46232845,25213155,78429529,88278856,29406,13197,30254
71472813,1749,73052557,13096,73692785,46241622,25213426,78435477,88281551,6975,15497,5666
71471653,1003,73076865,882,73682796,46229962,25210929,78433156,88268385,13798,15438,19327
71472293,1022,73073889,8177,73692364,46229818,25213321,78434436,88281977,7252,10276,2024
71472122,2365,73066387,7934,73691385,46234177,25213076,78434095,88278035,7157,9155,27659
71470540,6131,73064288,11915,73685896,46237193,25211704,78430930,88268330,16017,5834,20190
71469371,7297,73066631,9280,73688245,46241039,25212291,78428592,88275854,31884,14748,14970
71471884,4925,73059357,13100,73691557,46233125,25213119,78433618,88269277,1063,12444,861
71472580,3776,73059140,5868,73681200,46239678,25210530,78435011,88269828,8305,11776,7625
71473347,3359,73083531,3660,73688894,46233594,25212453,78436545,88267068,7956,9516,23711
71469828,999,73070828,432,73693612,46236403,25213633,78429506,88271416,24060,15548,6723
71471323,5276,73070745,10504,73690362,46230830,25212820,78432497,88268654,29159,6053,22222
71469699,2632,73071355,10955,73691178,46236148,25213024,78429248,88275138,25388,13100,22891
71472933,5080,73078148,9944,73689530,46232010,25212612,78435717,88270981,10856,2593,14450
71471106,3767,73082977,5249,73685205,46234408,25211531,78432062,88272584,16510,6919,15763
71469910,6406,73074831,7032,73680335,46230843,25210313,78429670,88269013,13610,2235,20515
71469771,6453,73064510,10550,73695415,46245697,25214083,78429392,88278009,28981,13153,15043
71472583,7363,73074461,8535,73680393,46241676,25210328,78435016,88274272,2001,5079,17320
71471585,8015,73070349,9315,73694021,46242805,25213735,78433021,88276701,11889,8529,3689
71472355,7215,73061349,13898,73691935,46234335,25213213,78434560,88281070,17797,12991,10821
71473302,5557,73078375,1824,73692912,46245189,25213458,78436454,88278911,4057,4048,18436
71469691,7827,73051443,13205,73683722,46240224,25211160,78429232,88280353,23885,14444,27191
71469677,4691,73072800,12109,73689215,46234972,25212533,78429204,88274112,12935,12088,10265
71470191,1792,73067127,15213,73683476,46231412,25211099,78430233,88279420,32712,2343,21235
71471274,388,73056486,4824,73686953,46243676,25211968,78432398,88276381,12455,5388,29029
71472384,2171,73052563,1659,73689199,46236310,25212529,78434618,88275925,30693,11447,30412
71469772,389,73080246,11119,73688305,46238815,25212306,78429394,88277497,24346,16303,5844
71470782,1478,73065122,14488,73684826,46232287,25211436,78431415,88266869,32619,11633,15281
71473164,4749,73070266,8285,73685369,46232627,25211572,78436178,88272754,22012,12054,27857
71473290,5318,73076015,5140,73682406,46245634,25210831,78436430,88280990,6924,12541,2705
71472264,2448,73064560,10141,73686289,46240873,25211802,78434378,88270600,1430,339,9868
71469335,39,73073684,8887,73689498,46231015,25212604,78428520,88280303,21325,1126,32403
71471863,3878,73080619,2725,73688431,46239866,25212337,78433577,88276857,24311,3009,7554
71469437,3067,73074048,11344,73687645,46245353,25212141,78428725,88281776,21277,16281,1092
71472603,6107,73066574,1409,73685792,46238929,25211678,78435056,88266296,8589,6029,15142
71470308,4830,73071313,6949,73681676,46236473,25210649,78430466,88280237,27222,11862,6574
71469794,728,73063372,12578,73688410,46234817,25212332,78429438,88268338,9713,3076,26109
71471822,4281,73080893,8548,73691500,46245648,25213105,78433494,88271347,20011,13342,2728
71471810,4838,73058641,4717,73692545,46243969,25213366,78433470,88278932,27576,11447,8800
71470005,1841,73072264,11629,73685036,46234884,25211489,78429860,88267602,5774,480,17405
71471364,3569,73063343,1254,73680316,46230630,25210309,78432578,88276710,11358,388,15575
71470724,3051,73079100,16379,73682132,46232165,25210763,78431299,88270398,2675,2077,4110
71470174,5340,73073233,729,73679806,46237116,25210181,78430199,88269828,28867,9273,19796
71469868,177,73079318,4286,73679254,46234932,25210043,78429586,88274985,7724,8880,708
71471850,501,73053161,12467,73691477,46232499,25213099,78433550,88277644,16186,4383,16462
71472369,4822,73082534,13718,73687085,46232788,25212001,78434589,88274484,6184,15315,19353
71471128,1826,73055898,14581,73680928,46242822,25210462,78432107,88280442,29965,5355,17063
71473230,3958,73072473,2491,73680630,46243413,25210387,78436310,88280982,1474,13101,6727
71470734,6482,73079111,11899,73681999,46230286,25210729,78431318,88272594,27095,14927,5744
71470593,6979,73078625,5291,73684134,46229680,25211263,78431036,88278727,21792,15919,20968
71471119,6472,73064141,1913,73686002,46245414,25211730,78432088,88271438,14460,5234,29859
71469505,7246,73077561,3898,73685279,46240527,25211549,78428860,88268324,27534,13322,15231
71469946,7633,73078608,12224,73684243,46245202,25211290,78429742,88270653,15249,14281,30682
71473214,2331,73078713,9394,73693933,46235588,25213713,78436278,88277071,31600,11849,15832
71470666,192,73073907,1144,73682010,46241359,25210732,78431183,88275378,25808,138,3957
71473263,2850,73080307,7970,73689412,46232129,25212583,78436376,88277812,16210,7991,6077
71472751,4073,73080958,6889,73689263,46235458,25212545,78435353,88276601,6229,8449,15016
71471349,7717,73082959,378,73683255,46238973,25211043,78432549,88272461,17920,5053,21378
71470141,2657,73080804,2492,73692635,46236260,25213388,78430133,88266566,1500,14770,11219
71470608,6419,73059239,10836,73681739,46235077,25210664,78431067,88269126,28735,7697,13594
71472412,614,73077687,7033,73681129,46231076,25210512,78434674,88282548,8212,6513,27137
71471370,144,73077574,13347,73685858,46238653,25211694,78432591,88276937,12730,579,27059
71473159,3972,73052633,15388,73682035,46233185,25210738,78436168,88273876,3341,15941,16069
71471393,6476,73066787,3496,73691462,46240198,25213095,78432637,88279534,10578,11591,24593
71470927,1783,73077520,3462,73687532,46240627,25212113,78431704,88268845,18865,4204,26560
71469546,5637,73067434,11152,73687869,46236357,25212197,78428942,88272460,13687,8074,21925
71469315,4410,73059918,15906,73686612,46234334,25211883,78428480,88271135,26954,6994,9511
71470523,2969,73074927,14209,73688581,46238408,25212375,78430896,88281950,13377,8076,7482
71471935,4996,73058244,9911,73690517,46234549,25212859,78433720,88277202,16238,5276,5518
71472685,1139,73065251,2251,73684721,46244039,25211410,78435220,88275332,9111,1497,5804
71472413,6054,73075484,13771,73695049,46237111,25213992,78434677,88272605,5720,12471,297
71471832,2106,73071771,13647,73682127,46239805,25210761,78433514,88282515,30998,14321,20965
71471696,2137,73068401,5097,73691746,46239349,25213166,78433243,88266767,20568,3543,27254
71469406,4869,73073113,5193,73685889,46239888,25211702,78428662,88278395,7300,3957,9387
71471218,2934,73064662,14911,73689776,46230224,25212674,78432286,88266445,31532,5885,25738
71472002,2699,73059911,15897,73681975,46240200,25210723,78433854,88272167,18108,9660,27319
71470055,4914,73059988,6866,73694208,46241106,25213782,78429961,88274859,20519,9822,32412
71471722,5996,73075881,4911,73681269,46244566,25210547,78433295,88279418,11968,4330,15540
71471278,6977,73053794,15837,73681431,46236411,25210587,78432407,88266219,30106,179,21559
71471969,2583,73082483,4203,73689618,46245145,25212634,78433788,88277435,11648,9111,22359
71472067,5486,73065541,12625,73681784,46243901,25210676,78433984,88281811,26505,12556,3852
71470135,354,73082247,1077,73689501,46238635,25212605,78430121,88268168,14311,5713,24251
71472580,331,73077722,16175,73690749,46243588,25212917,78435011,88277191,4295,9466,16430
71470650,1291,73058823,1644,73694862,46240365,25213945,78431151,88272390,13731,11142,10295
71469404,7478,73071413,772,73686269,46230729,25211797,78428659,88268866,9659,54,17343
71471077,8122,73069109,2056,73689080,46240134,25212500,78432005,88282242,17315,10909,10329
71471450,6995,73054372,15681,73689647,46234828,25212641,78432751,88277244,19338,12926,28700
71471571,6637,73079972,3293,73679973,46235047,25210223,78432993,88278917,7786,7476,205
71470547,7084,73069543,2285,73679195,46241444,25210028,78430944,88278145,6940,13411,4050
71472179,3718,73061668,14787,73683644,46230514,25211141,78434208,88273118,6072,4147,17706
71470733,4737,73076942,6616,73685316,46240921,25211559,78431317,88271301,8013,6274,25535
71469500,7118,73061163,6869,73690167,46234135,25212771,78428850,88269768,18982,9276,23194
71470555,1263,73065517,1261,73689351,46233387,25212567,78430961,88275537,19882,10804,16962
71470479,3609,73073833,347,73685880,46231517,25211700,78430809,88269320,5790,14086,23532
71471987,3315,73057709,5556,73680574,46232695,25210373,78433824,88273332,27641,7284,5792
71472258,6308,73056909,3289,73693439,46233294,25213589,78434367,88267103,9783,455,26995
71470394,5685,73066469,9224,73686727,46234147,25211911,78430638,88280879,8202,13856,29116
71469650,2644,73075811,10603,73691230,46237574,25213037,78429150,88266849,24130,7374,9990
71470568,7448,73065912,1429,73694277,46235583,25213799,78430987,88274819,25845,5686,12036
71471568,4236,73070291,9283,73681829,46240163,25210687,78432987,88267367,21073,2851,11544
71469380,409,73055988,786,73682949,46239115,25210967,78428611,88271359,18285,10855,16713
71470744,5661,73073898,10262,73687972,46240779,25212223,78431339,88268248,13405,8336,15403
71472425,5128,73064352,11051,73689738,46237886,25212664,78434700,88266772,11401,9687,29170
71471339,632,73072240,15464,73687994,46235343,25212228,78432529,88270524,23629,6849,18335
71471084,2968,73077889,4480,73687229,46232213,25212037,78432018,88273353,6691,16100,31437
71469903,2417,73076155,14199,73692945,46233238,25213466,78429656,88277294,11011,5933,29359
71471529,914,73059507,2808,73693246,46242425,25213541,78432909,88275837,1851,517,29623
71470884,465,73078213,2963,73694025,46240552,25213736,78431618,88273861,25662,6766,28903
71471309,1578,73075572,2011,73689352,46241213,25212568,78432469,88279720,29728,10513,3668
71472095,1122,73061730,15370,73679261,46243628,25210045,78434041,88277458,1338,4827,2973
71472319,6727,73057905,5123,73688501,46229652,25212355,78434488,88268612,24712,7609,28572
71470502,8175,73080563,13596,73679825,46243588,25210186,78430854,88279006,13632,11455,10586
71472588,5429,73067567,5806,73685580,46232569,25211625,78435026,88276682,690,5113,6691
71470601,7315,73055208,16381,73680185,46243609,25210276,78431052,88279646,26157,13078,12518
71471501,3427,73057133,13138,73683747,46234458,25211166,78432852,88277938,21564,10314,17289
71470646,5432,73077223,5977,73689689,46229428,25212652,78431142,88270701,30479,15486,21403
71473329,1323,73076622,2057,73689610,46232343,25212632,78436508,88279450,8084,13639,927
71470945,3879,73063294,2322,73689782,46243075,25212675,78431740,88270774,20242,4951,8169
71471288,6520,73054057,11885,73684858,46239199,25211444,78432426,88277579,4804,7235,9068
71470676,2183,73060514,6758,73689251,46230947,25212542,78431202,88281485,4442,7077,12551
71471960,5799,73065243,14744,73695307,46232366,25214056,78433770,88267521,3834,253,21297
71472119,5726,73073513,5439,73693642,46229649,25213640,78434088,88279747,9734,4116,2570
71471207,4547,73069227,15278,73692646,46232649,25213391,78432265,88273762,2438,6003,3198
71471175,1281,73075655,13957,73681290,46238994,25210552,78432200,88271448,7916,9452,15690
71471069,227,73081493,9475,73680815,46235444,25210433,78431988,88279250,4364,8808,23621
71471528,8139,73068847,6430,73679669,46238654,25210147,78432906,88277720,8804,8239,11274
71469575,3235,73071780,15491,73687022,46235702,25211985,78429000,88271058,19595,14840,12726
71469458,3308,73081706,14307,73688687,46245754,25212401,78428766,88281308,29325,4136,16687
71472730,4023,73081507,8029,73686299,46244534,25211804,78435310,88278093,1991,12582,23978
71472021,7827,73061378,15123,73683722,46241736,25211160,78433892,88276648,25360,3676,18655
71470934,5889,73065923,11025,73683503,46233919,25211105,78431719,88269777,1113,7228,27555
71472716,940,73052181,8473,73679830,46244742,25210187,78435282,88276644,18092,15376,18167
71470501,5291,73058514,12370,73694471,46238381,25213847,78430852,88279492,31050,9518,10707
71471423,8022,73066091,7741,73687313,46238648,25212058,78432697,88277483,13134,1275,15107
71473215,3834,73059476,9416,73693631,46243745,25213637,78436280,88280038,24013,2468,4696
71469287,1537,73080861,3305,73683735,46231987,25211163,78428424,88272617,3658,2177,12970
71470234,6815,73075927,212,73690217,46233460,25212784,78430319,88268898,3097,15229,6640
71470294,1040,73083450,11736,73684304,46240405,25211306,78430438,88268180,21445,16272,25705
71471856,1372,73077279,3740,73691171,46239492,25213022,78433562,88280322,7198,1105,22303
71472602,3532,73078054,7217,73695032,46244749,25213988,78435054,88271709,8942,12187,4122
71471472,465,73080577,7628,73694024,46245343,25213736,78432794,88268817,11245,9493,27156
71470111,7731,73077420,9187,73684658,46233393,25211394,78430073,88266937,32027,14748,11215
71471045,3338,73070974,9830,73694198,46233437,25213779,78431940,88269491,12003,11003,6179
71471797,5765,73068019,12944,73681631,46236560,25210637,78433444,88276124,32445,1203,31313
71470220,2860,73076734,8383,73686760,46232942,25211920,78430291,88281986,20104,7735,30364
71473044,5411,73083100,4481,73693640,46238614,25213640,78435939,88266759,14033,15207,18581
71469683,341,73051839,13816,73688096,46236150,25212254,78429216,88274556,25655,14014,21629
71473179,3248,73082993,11112,73688427,46234529,25212336,78436208,88267831,1438,15492,24972
71472234,177,73078225,10910,73679255,46231977,25210043,78434319,88271951,5797,15548,14
71471903,2309,73070189,9417,73680308,46244374,25210307,78433656,88273383,6115,6291,15393
71469565,4078,73068794,2597,73679799,46241941,25210179,78428981,88266570,8938,10551,4808
71470631,2781,73074693,1755,73694507,46233647,25213856,78431113,88270438,22181,10488,25974
71471104,2018,73058834,11817,73680410,46236813,25210332,78432059,88268613,18302,11448,22027
71470081,1661,73056887,15552,73688365,46241269,25212321,78430012,88276281,27991,2721,1730
71469301,2100,73063349,9049,73690238,46245058,25212789,78428453,88272905,28761,5933,24386
71471801,4790,73083924,6127,73692336,46241266,25213314,78433453,88271185,29660,7456,469
71470388,5891,73071974,3392,73686206,46233643,25211781,78430627,88268486,17683,762,1084
71470947,7919,73067698,8520,73693605,46236093,25213631,78431745,88279220,23250,4673,25072
71470973,5788,73075574,13988,73680383,46234923,25210325,78431797,88277852,1132,5257,9668
71471398,4284,73073362,7712,73695556,46237766,25214119,78432646,88281090,8230,2576,21914
71471315,2147,73071680,11589,73689094,46239064,25212503,78432481,88279378,7065,2657,23012
71472401,171,73069280,12244,73688718,46244135,25212409,78434652,88279264,13221,13443,13574
71471255,4004,73079208,15875,73693006,46241577,25213481,78432361,88281714,10539,9873,3347
71469780,7525,73057358,13286,73685125,46237228,25211511,78429410,88278770,14145,7821,23550
71472532,6639,73064665,7333,73682677,46239112,25210899,78434914,88277549,21393,8583,18738
71471569,1353,73067646,3534,73681603,46234792,25210630,78432988,88271545,31493,13331,20389
71472187,3474,73083826,15969,73681252,46232173,25210543,78434224,88274173,3019,13237,24423
71473216,5640,73064892,5386,73691924,46230502,25213211,78436283,88266806,22684,5480,28155
71473054,5483,73059947,5198,73693953,46243261,25213718,78435959,88279588,2827,10086,29370
71470322,5351,73074861,15879,73694730,46242983,25213912,78430495,88266985,12506,14744,10054
71471025,4189,73077075,14196,73682972,46240957,25210973,78431900,88279110,2795,14302,30802
71471594,4479,73078019,3887,73681519,46243638,25210609,78433039,88268110,22973,14467,8427
71471649,6678,73052596,11634,73686941,46233765,25211965,78433149,88280690,19755,703,9004
71470202,2177,73063004,6487,73681087,46244417,25210501,78430254,88269225,8566,5102,4221
71472571,6529,73051714,4784,73680855,46238689,25210443,78434993,88275811,31772,82,14231
71473316,7174,73071753,11045,73684966,46244923,25211471,78436482,88278161,1265,6242,30983
71470183,4104,73065129,7167,73681256,46241225,25210544,78430217,88277959,17062,5694,15174
71471993,6134,73072314,9396,73690005,46236606,25212731,78433837,88279868,15490,3689,20073
71471106,4220,73083654,6412,73692592,46238627,25213378,78432062,88268433,15237,10028,21647
71470288,1374,73068349,6778,73693874,46231791,25213698,78430426,88279104,27287,9733,11392
71470075,5937,73057144,16090,73683711,46244840,25211157,78430001,88277872,20120,8160,2315
71472655,1530,73066970,7830,73690494,46238363,25212853,78435161,88278289,29860,6345,21722
71469894,6586,73083153,2204,73693283,46243322,25213550,78429638,88275877,28535,10223,9061
71470085,1062,73069797,1901,73681704,46230856,25210656,78430021,88282413,16647,10861,30123
71469392,3423,73054403,615,73694563,46242924,25213870,78428635,88277145,2069,9006,26100
71470735,1679,73065894,8257,73680305,46240060,25210306,78431321,88277884,11703,2753,5186
71473123,2132,73070114,10314,73684935,46234447,25211463,78436097,88268197,13341,4645,14695
71472281,4902,73076392,5310,73695508,46231026,25214107,78434413,88276751,16818,8882,16577
71470196,6032,73078553,3325,73681424,46241275,25210586,78430243,88279991,7549,1662,15624
71472976,4022,73076487,14084,73684947,46243382,25211466,78435803,88273944,11879,6988,31132
71473170,6781,73071323,3020,73695469,46235873,25214097,78436190,88280445,26475,11299,20259
71472789,925,73055197,282,73691946,46241710,25213216,78435429,88277101,432,15327,2970
71470921,6349,73064886,4989,73684131,46242870,25211262,78431692,88275466,29562,10112,16618
71472293,3416,73063764,1185,73685046,46242622,25211491,78434437,88266947,23692,2110,8995
71470455,6854,73064607,8801,73694429,46242635,25213837,78430760,88271317,14215,867,25572
71471503,5148,73066260,5642,73684382,46233938,25211325,78432857,88269868,7286,6699,17316
71469764,2577,73070206,8625,73681454,46232200,25210593,78429378,88270664,21819,281,26607
71471740,4080,73072635,7459,73682502,46237114,25210855,78433330,88274750,1418,12607,4636
71470967,6069,73083568,11892,73682933,46242606,25210963,78431784,88268807,27329,12340,14916
71472880,6284,73082724,1675,73694684,46238309,25213901,78435610,88266431,22295,15493,8506
71470267,2091,73073462,7746,73694243,46237725,25213790,78430384,88270685,25170,14321,31450
71471395,4515,73080429,8942,73681675,46241513,25210648,78432641,88271721,9346,4607,18896
71470038,3547,73055879,5829,73682917,46238193,25210959,78429927,88271925,10098,14440,15889
71471132,5209,73073141,7810,73683291,46242909,25211052,78432114,88276209,8071,11188,12924
71470004,1494,73064452,12693,73690338,46236411,25212814,78429859,88268374,21690,4607,27741
71472317,4128,73057869,7914,73681361,46236088,25210570,78434485,88279583,17958,12516,1393
71469853,4095,73078645,1471,73686610,46232748,25211882,78429556,88270464,17426,14419,2565
71471114,1685,73078735,12464,73688468,46230655,25212347,78432078,88280665,10799,11024,13149
71472704,1586,73083688,15523,73683944,46229557,25211216,78435258,88282213,13388,5922,7800
71471830,4237,73077722,8886,73683180,46236716,25211025,78433510,88269500,8987,1017,25730
71469636,6433,73081210,8898,73684494,46236460,25211353,78429123,88277852,31352,16096,21105
71471036,3677,73067492,9501,73692952,46244956,25213468,78431922,88281443,25043,3595,10836
71471959,248,73056762,5526,73693086,46237507,25213501,78433769,88275975,12296,4818,12123
71471520,5317,73064604,6652,73681054,46230127,25210493,78432891,88280368,13092,10843,21865
71471917,1259,73070437,11188,73685240,46240025,25211540,78433684,88280329,26891,14432,21175
71470372,2817,73051482,14825,73694662,46233323,25213895,78430594,88274686,8387,9662,26235
71471435,7973,73069350,12760,73685700,46231159,25211655,78432720,88277065,31614,15542,7922
71472226,4713,73073741,1403,73686562,46236033,25211870,78434302,88281799,18540,11917,29658
71472476,5864,73072683,9092,73682046,46243644,25210741,78434802,88276003,31191,8290,31532
71470063,4418,73052701,11373,73679907,46229583,25210206,78429976,88273903,13080,3941,19637
71473328,4554,73074213,13615,73685887,46239377,25211701,78436506,88281393,21385,8089,29209
71473278,305,73069576,8815,73689291,46241668,25212552,78436407,88268672,20855,3698,10705
71473280,6876,73082762,15171,73691829,46240485,25213187,78436410,88274274,23809,15248,20530
71471032,4637,73076131,12700,73680843,46231086,25210440,78431915,88282553,26180,6046,17249
71471325,2407,73069565,8761,73679373,46240635,25210073,78432500,88278081,6264,2898,23265
71470770,5881,73059255,7408,73688910,46237611,25212457,78431390,88279566,18030,7132,9348
71469632,1251,73051616,5926,73690649,46242160,25212892,78429114,88281701,5630,6164,1247
71470886,6286,73068544,3345,73681165,46233267,25210521,78431622,88273199,10112,12173,293
71469928,1818,73067835,8687,73686284,46241816,25211801,78429706,88276766,12690,3976,14377
71472111,747,73076152,3613,73681703,46231495,25210655,78434072,88268919,25835,8031,8355
71471311,4701,73059143,13904,73686510,46245359,25211857,78432473,88275887,16246,2428,20194
71473004,385,73054508,5261,73682844,46236714,25210941,78435858,88271007,25938,11378,1392
71472179,342,73074991,188,73689449,46234431,25212592,78434209,88277591,3826,13764,30695
71472487,6244,73082065,3520,73689120,46239095,25212510,78434825,88278863,29153,14585,2059
71472076,6460,73081331,4818,73687354,46243562,25212068,78434003,88275389,9092,5217,819
71471030,3534,73067666,6351,73681512,46230335,25210608,78431911,88270756,8067,2977,2788
71469949,1274,73054825,8641,73688051,46234572,25212242,78429748,88279626,15472,9646,19968
71471929,1569,73069653,6161,73694707,46244083,25213906,78433709,88267160,26231,16046,26937
71472357,4729,73055183,4572,73690725,46232139,25212911,78434565,88277815,2589,4056,14102
71472127,6735,73068764,13641,73683092,46244314,25211003,78434104,88281744,30871,14573,18754
71473016,4952,73065588,7101,73679492,46244318,25210103,78435883,88267816,4561,8422,4847
71470409,6840,73073301,3802,73691672,46240637,25213148,78430669,88266561,25259,13779,28924
71469510,4032,73076565,10735,73682294,46245215,25210803,78428870,88272459,23921,3190,4120
71472838,5699,73058300,10958,73689482,46230689,25212600,78435527,88278908,25274,8339,27011
71471857,3106,73051856,11402,73691857,46242597,25213194,78433564,88274208,31309,15395,3174
71470529,5748,73075083,10099,73691043,46235501,25212990,78430909,88281153,32474,3517,29334
71471309,2473,73058221,8521,73687796,46241535,25212179,78432468,88279840,1490,8376,4864
71471419,4630,73083773,4425,73687602,46242067,25212130,78432688,88272629,16934,1824,21725
71472754,1491,73068851,3987,73686231,46239834,25211787,78435358,88273313,23864,6575,20449
71470263,3739,73071044,12464,73679693,46241759,25210153,78430376,88267351,9208,893,24968
71471626,654,73059336,14535,73685343,46238165,25211565,78433102,88280431,32579,11945,8156
71471424,7960,73054473,2367,73684297,46240325,25211304,78432698,88275532,20886,15275,28671
71471482,1753,73061634,16219,73680617,46242265,25210384,78432814,88269505,25561,13285,24153
71471228,39,73055117,5448,73689499,46239235,25212604,78432306,88276840,19023,1056,27262
71472641,8083,73056828,14218,73684817,46230722,25211434,78435133,88279861,19040,3867,18370
71470309,7469,73079612,5781,73690325,46235203,25212811,78430468,88280450,22135,15269,20241
71471411,1284,73074699,9782,73685346,46242132,25211566,78432672,88270787,20493,4362,19875
71472661,86,73054816,64,73688355,46232072,25212318,78435172,88273532,25836,5256,10552
71472061,1051,73074850,7397,73683005,46233444,25210981,78433972,88274573,13033,16237,26466
71469758,5595,73063082,5993,73679549,46232077,25210117,78429367,88273622,27710,11073,16820
71469619,2605,73079943,14020,73687019,46243494,25211984,78429089,88277437,1758,4344,20492
71472474,4045,73074320,5825,73683698,46230957,25211154,78434798,88275294,17979,9049,4207
71471006,7211,73065262,4878,73686475,46239932,25211848,78431862,88266914,20300,7686,2587
71472811,5831,73057070,9380,73688702,46230067,25212405,78435473,88266228,25083,12063,27601
71471818,7387,73069135,14909,73680496,46243279,25210354,78433487,88274784,23673,15246,11918
71470141,907,73079090,11614,73683731,46241389,25211162,78430133,88266967,25756,8746,9775
71470205,5760,73062351,12821,73691094,46241270,25213003,78430261,88273864,12949,7888,13664
71471744,5966,73075060,10909,73690626,46241303,25212886,78433339,88270019,29560,6991,961
71471949,7323,73057628,8388,73691053,46242822,25212993,78433749,88276697,7560,2784,13750
71472316,5179,73074252,12052,73694002,46232910,25213730,78434482,88273295,31753,10508,8185
71473295,3326,73070088,4924,73695498,46233418,25214104,78436440,88281779,12551,4440,13737
71469593,2120,73080008,12064,73684883,46244807,25211450,78429036,88282066,23428,12620,19490
71469556,1867,73055619,2742,73687896,46242289,25212204,78428963,88277980,14644,5662,3689
71471347,27,73083203,11780,73689447,46236238,25212591,78432545,88267656,6747,7636,25540
71473041,5345,73074126,8615,73686566,46235911,25211871,78435933,88271560,19364,10325,23462
71469654,2473,73060638,5655,73687796,46242429,25212179,78429159,88269928,21104,14390,7206
71473083,853,73079664,12481,73691635,46244089,25213138,78436016,88276936,25591,7944,23496
71471329,1506,73078657,13481,73690391,46231922,25212827,78432509,88272447,1488,13880,5296
71472065,6584,73062818,15450,73690578,46237367,25212874,78433981,88266648,31912,15078,3492
71471745,863,73059684,4616,73688983,46231996,25212475,78433340,88271406,25196,9984,3649
71472073,3014,73064163,2965,73681977,46234050,25210724,78433997,88275437,17872,5800,3878
71470414,8047,73065828,3244,73686012,46239604,25211733,78430678,88277864,17212,16092,26582
71472920,3026,73056240,11105,73680677,46237286,25210399,78435691,88282485,5677,1776,3911
71470996,6893,73067014,14127,73682417,46232335,25210834,78431842,88272515,25145,8975,4484
71469797,5227,73073192,13323,73690154,46231999,25212768,78429445,88270322,18185,1248,2395
71469912,8188,73075054,8610,73681228,46238736,25210537,78429674,88269388,23999,3931,11057
71472722,4454,73060265,15547,73680063,46234117,25210245,78435294,88277284,7204,174,13778
71469298,853,73067457,8712,73691635,46240871,25213138,78428447,88272740,26333,12617,22304
71473262,6881,73082586,11352,73682364,46233067,25210821,78436374,88274524,28105,8178,10834
71472173,719,73066920,15890,73692415,46231538,25213333,78434196,88269259,13250,4477,30217
71470905,1504,73075742,2450,73687687,46230771,25212151,78431661,88277690,23495,1069,5406
71470591,5088,73057963,13313,73684123,46242074,25211260,78431033,88266749,13118,3455,6524
71470681,2603,73060315,1719,73684263,46229660,25211295,78431213,88267057,31363,10974,8774
71472235,15,73064281,6790,73689394,46242887,25212578,78434320,88272625,32314,10177,1161
71472062,6628,73079839,96,73683977,46238626,25211224,78433975,88271242,31893,5808,25141
71470118,8121,73061761,12797,73687728,46245755,25212162,78430086,88273112,28910,4038,18438
71469507,6750,73073805,14742,73687253,46233721,25212043,78428864,88274114,18284,13747,4614
71470757,4251,73055463,5522,73685937,46240231,25211714,78431364,88278591,3218,4938,22533
71471956,7418,73076819,8046,73687413,46236511,25212083,78433763,88268611,17450,10974,14994
71470272,7422,73052466,3181,73692820,46244131,25213435,78430395,88270249,14805,15450,5957
71469433,7624,73070932,16335,73688299,46243475,25212304,78428716,88267407,17519,3477,32082
71472277,3801,73081356,6403,73681306,46243364,25210556,78434404,88280448,21781,11597,3298
71470101,30,73069783,11146,73693503,46229556,25213605,78430053,88274976,19317,3421,31906
71471727,2022,73077931,6049,73685819,46230467,25211684,78433305,88268475,22710,11510,1211
71472151,5038,73079119,11833,73682560,46238104,25210870,78434152,88278605,20670,7151,18378
71471730,1855,73083451,2446,73687844,46230329,25212191,78433310,88267852,18604,14217,9501
71472433,4745,73083420,6119,73679960,46233328,25210220,78434717,88278592,8465,12790,19309
71472466,2366,73070819,9615,73692737,46233770,25213414,78434783,88280066,25080,6777,7587
71471913,1137,73076053,701,73682017,46242860,25210734,78433676,88268554,19995,3765,13795
71471087,915,73056595,15953,73694598,46240345,25213879,78432025,88269093,29921,11792,19770
71470117,1383,73056508,6029,73689870,46229838,25212697,78430084,88274461,30852,3750,31172
71472557,3502,73061672,4962,73686817,46233826,25211934,78434964,88268741,2532,1628,25499
71471316,2052,73079853,15663,73694086,46236762,25213751,78432482,88281209,18291,2220,28480
71471718,4870,73083525,10789,73687292,46230874,25212053,78433286,88273205,27893,8745,19886
71472690,605,73061917,7774,73685133,46232123,25211513,78435231,88267296,17275,8760,9963
71472242,966,73052075,11108,73681289,46238698,25210552,78434335,88266479,30458,15643,19845
71470469,1028,73072656,2993,73684253,46240303,25211293,78430789,88273489,27007,12698,13906
71472033,5662,73074049,11035,73689324,46237190,25212561,78433917,88273065,19855,16095,23623
71471020,6413,73083017,3006,73689850,46241849,25212692,78431891,88271707,19771,6575,14062
71469367,5013,73067080,14375,73681105,46241560,25210506,78428585,88280315,17077,14452,4308
71469872,1140,73076066,13120,73686072,46240622,25211748,78429595,88282072,23550,10809,17361
71469274,1439,73063911,10256,73681967,46244102,25210721,78428398,88269236,13485,2500,29539
71469696,6920,73066381,770,73686576,46236648,25211874,78429242,88270168,3128,15686,5808
71472400,5283,73070489,13851,73683603,46240662,25211130,78434650,88275329,10659,1100,8145
71472012,4728,73057965,3457,73689373,46242407,25212573,78433875,88269189,6538,4214,28338
71470417,1861,73076971,13997,73679732,46236274,25210163,78430685,88279083,27947,11716,14404
71472523,3817,73069520,10226,73686818,46233773,25211934,78434897,88277781,22889,3068,26335
71469521,4550,73065533,14731,73680478,46235903,25210349,78428893,88282473,30903,10256,10639
71472864,7656,73054689,10253,73682994,46233065,25210978,78435578,88275659,25805,10549,11057
71470109,2522,73078089,11427,73688006,46230017,25212231,78430068,88272833,15176,4572,1812
71470652,5476,73076662,3582,73684437,46239091,25211339,78431155,88277786,24549,11038,12675
71472446,3586,73064548,6514,73687180,46238364,25212025,78434743,88278450,26363,3760,5101
71469266,5898,73056970,14640,73679498,46235744,25210104,78428382,88272378,14338,14895,15952
71470227,4690,73068906,5310,73687862,46245073,25212195,78430305,88277735,18964,3753,8097
71472627,5052,73054966,6460,73683967,46242709,25211221,78435104,88275114,18598,13820,16613
71473049,315,73053597,2556,73686586,46239048,25211876,78435948,88279527,31029,5619,30019
71473347,6121,73076432,5991,73688600,46238721,25212380,78436544,88272967,2335,3034,26951
71470309,7829,73067478,1400,73686427,46232283,25211836,78430468,88277066,27088,1099,22668
71470257,3626,73053560,1195,73692744,46234086,25213416,78430365,88281119,12199,1661,6749
71472417,5956,73061601,865,73693279,46238693,25213549,78434685,88280102,21790,1626,15936
71469870,2176,73072116,312,73679734,46240298,25210163,78429590,88279027,14124,15224,14939
71470682,3523,73056732,3168,73682813,46243327,25210933,78431215,88276210,30501,15141,1220
71469714,8011,73065843,15622,73688612,46234064,25212383,78429279,88280153,15649,7667,11790
71469558,4283,73066722,4753,73694204,46235777,25213781,78428967,88281302,6390,7200,29936
71471508,3353,73055497,1916,73680730,46230478,25210412,78432867,88276625,17389,13986,22206
71470781,3708,73068670,6131,73686297,46235822,25211804,78431413,88277243,20460,10293,6957
71469443,69,73080005,3139,73681491,46234784,25210602,78428736,88269662,22098,16181,3250
71471073,5770,73078927,9001,73688443,46241810,25212340,78431997,88269805,11082,5378,18098
71472749,1385,73053489,188,73692574,46233876,25213373,78435348,88281450,10243,5768,32621
71471720,5816,73063329,6904,73685895,46242369,25211703,78433290,88272122,6971,15688,27059
71469260,5052,73070996,165,73683966,46241515,25211221,78428370,88276996,9092,13748,28082
71470475,2903,73065963,13622,73680156,46237393,25210269,78430801,88277474,15636,15468,5719
71469726,166,73084057,2567,73681906,46235144,25210706,78429302,88274435,3295,1012,9054
71469690,3058,73064308,11670,73691648,46231262,25213142,78429231,88274422,17749,14128,26597
71470044,2694,73063973,5562,73692791,46241809,25213427,78429938,88280786,16437,1838,5943
71470743,4967,73061646,8648,73683601,46236478,25211130,78431337,88267325,1084,13453,23807
71469568,1180,73053303,13860,73691688,46242418,25213152,78428986,88271046,15133,3733,28780
71469756,6613,73078815,4307,73681219,46240009,25210534,78429363,88270344,3704,14953,23341
71470560,6853,73055226,14804,73693076,46230504,25213499,78430971,88267759,12840,973,18868
71470118,4535,73058170,8168,73692594,46241209,25213378,78430086,88271297,6612,11496,31262
71472229,6136,73056323,12295,73692708,46244556,25213407,78434308,88267718,29057,10805,14520
71469732,3187,73067439,12273,73686815,46240471,25211933,78429314,88272794,11454,1270,30519
71469984,5529,73051697,5414,73688752,46230652,25212418,78429819,88270905,24900,16163,18208
71472448,4800,73054113,16154,73689684,46238401,25212651,78434747,88279611,2399,12543,14728
71471276,3021,73073204,8244,73691493,46235737,25213103,78432403,88275876,29249,2556,7028
71472389,4439,73081409,14076,73692178,46234802,25213274,78434629,88277312,32563,8024,3926
71470371,4049,73080603,15509,73689159,46242299,25212519,78430592,88275838,17193,4356,25886
71470765,7630,73056438,7773,73680187,46233043,25210276,78431381,88274417,31261,11309,17816
71472987,5184,73066749,3510,73684539,46243416,25211364,78435824,88268950,28914,8579,20023
71471594,4098,73078892,3851,73689368,46237648,25212572,78433039,88270910,18001,11200,693
71471260,3491,73069850,9491,73688116,46239413,25212259,78432371,88267216,8760,4310,17769
71469483,2962,73080498,4091,73695288,46240489,25214052,78428816,88267953,13235,5047,15623
71469628,6528,73063111,5066,73679503,46238302,25210105,78429107,88269199,21286,2601,11389
71470609,5012,73062386,9565,73679752,46234174,25210168,78431068,88272799,3518,4358,29526
71471141,5389,73073342,14155,73680017,46245192,25210234,78432133,88269306,10466,13379,30489
71469331,3124,73077416,8696,73683797,46232725,25211179,78428513,88279165,32596,5002,31566
71472782,470,73075055,9699,73684561,46239178,25211370,78435415,88268674,16500,1162,19228
71469972,3081,73081512,11441,73690400,46244493,25212830,78429794,88279541,5255,6556,8351
71472053,5949,73053729,1875,73683762,46245601,25211170,78433957,88275737,25438,15384,16569
71472232,1764,73062220,11537,73695540,46238914,25214115,78434315,88272856,32202,12003,13127
71472943,4557,73071619,825,73689994,46245467,25212728,78435736,88276680,32433,7164,7056
71470906,461,73055140,4566,73688616,46240030,25212384,78431662,88273850,3819,8522,31863
71469291,2837,73057153,4359,73688008,46233510,25212232,78428432,88266573,22442,3518,887
71471173,3987,73077184,7210,73686143,46235150,25211765,78432197,88273847,15583,87,25883
71472217,6596,73083257,6420,73690630,46244838,25212887,78434285,88269993,3014,3049,13078
71472621,7968,73071272,13491,73695164,46238999,25214021,78435093,88267851,18897,8921,29608
71471640,2180,73058078,13457,73685142,46241593,25211515,78433131,88273302,25677,2262,27255
71470013,2415,73067169,9824,73690240,46236622,25212790,78429876,88270606,1464,9128,18298
71472742,5493,73056433,11960,73691301,46240043,25213055,78435335,88272640,5972,6192,24373
71472602,4118,73070029,5580,73684012,46244585,25211233,78435055,88277893,28721,8464,19728
71472664,6390,73079381,7503,73691098,46230368,25213004,78435178,88280258,10700,7759,12393
71469594,2090,73055056,5957,73692890,46243494,25213452,78429038,88268285,22631,3268,11605
71469332,6309,73071020,14977,73694790,46230989,25213927,78428515,88275967,2349,15450,15680
71472825,2821,73059698,8878,73683846,46238340,25211191,78435501,88267269,14190,3832,16438
71471723,7795,73062396,14863,73689027,46230216,25212486,78433297,88267147,14306,3686,30739
71473294,2870,73071491,15802,73684057,46240716,25211244,78436438,88269471,25189,9552,5456
71472347,4745,73075724,788,73679961,46243689,25210220,78434544,88274969,19756,2132,20873
71472315,2592,73066086,2141,73685563,46236450,25211620,78434481,88281608,20386,1807,8919
71469344,4292,73059327,3089,73688849,46243311,25212442,78428539,88279495,1841,616,31745
71472963,194,73063182,13549,73684715,46230753,25211408,78435776,88280439,6487,13928,28392
71470018,5743,73082574,6381,73684231,46243783,25211287,78429887,88279046,12481,5256,4898
71469474,5287,73080404,5262,73689063,46244532,25212495,78428799,88272612,7164,527,13090
71470077,4694,73058873,10991,73693270,46238761,25213547,78430005,88274624,2743,3722,4680
71472469,6789,73053165,2671,73688761,46237300,25212420,78434789,88268671,32718,8376,279
71470920,7587,73073989,2279,73686791,46239285,25211927,78431690,88278249,28314,7314,2243
71470979,6488,73057901,9089,73690162,46233333,25212770,78431808,88277289,26907,616,14077
71470712,6406,73083031,8065,73680335,46238402,25210313,78431275,88268972,13631,953,17597
71472956,5867,73056404,2396,73686103,46242587,25211755,78435762,88267733,31879,8370,10344
71470276,3464,73071960,3340,73685255,46230011,25211543,78430402,88268950,32672,7794,3214
71473320,4513,73068634,6349,73695195,46233105,25214028,78436491,88268128,4878,8899,26609
71471092,7879,73062505,5886,73688040,46236746,25212240,78432035,88272190,12328,4496,26220
71472910,7,73056889,5078,73694751,46242103,25213917,78435671,88276748,26806,1312,8772
71472606,358,73081599,2626,73694908,46242800,25213957,78435063,88270840,14424,8969,27895
71471143,4828,73062755,7590,73695196,46243064,25214029,78432136,88275816,18314,12066,23967
71473093,7828,73063178,8149,73685074,46231031,25211498,78436037,88271713,15298,15556,6148
71472700,3951,73073889,4224,73688742,46231883,25212415,78435251,88281620,13238,4740,30331
71471750,6254,73063673,7954,73686416,46241074,25211834,78433350,88275350,18239,7552,32728
71470738,1078,73072602,15986,73687217,46233933,25212034,78431326,88280176,8642,10159,22044
71472256,6462,73076146,4494,73690058,46235948,25212744,78434362,88277518,21358,11633,5849
71471142,1980,73066473,9482,73693774,46230273,25213673,78432135,88274639,22196,15249,12600
71471603,5694,73074386,5948,73682671,46229756,25210897,78433057,88270397,4457,15990,19800
71472731,1348,73051852,6123,73691066,46234861,25212996,78435313,88274332,23745,2786,28801
71473165,2888,73074841,225,73692272,46231328,25213298,78436181,88281148,14615,10181,8927
71472420,3058,73064407,13090,73691649,46231235,25213142,78434691,88271929,22530,1643,9075
71473201,7865,73071635,2578,73686582,46229401,25211875,78436253,88281537,23952,13111,17688
71471964,1877,73075690,5802,73685192,46242086,25211528,78433779,88276287,29625,7815,31155
71471625,1129,73076047,272,73688777,46245025,25212424,78433100,88269821,4867,8077,29706
71470446,6447,73077921,8022,73687302,46240250,25212055,78430743,88270906,16686,15831,22623
71470512,1229,73083081,3321,73693249,46243966,25213542,78430875,88279526,31165,9599,31510
71471363,7987,73069492,16283,73688509,46235517,25212357,78432576,88266937,1455,13397,15734
71471590,7064,73056345,7961,73685850,46240767,25211692,78433030,88280753,19747,4417,11209
71469936,3023,73076157,2833,73694197,46240749,25213779,78429723,88278291,17722,3637,1549
71470684,4024,73071419,1980,73687702,46240124,25212155,78431219,88271203,22591,2636,31652
71471787,6287,73052134,10236,73682516,46237219,25210859,78433425,88271095,32336,14481,17603
71471710,194,73083407,2127,73684714,46242574,25211408,78433271,88276059,31500,11252,22636
71470344,5523,73078313,15500,73680589,46242111,25210377,78430539,88268906,29520,4579,5714
71470531,4046,73061094,14202,73685050,46229788,25211492,78430912,88276238,13578,14284,19464
71471518,2178,73061414,1091,73682439,46239229,25210839,78432887,88281997,6602,7504,4507
71473062,6261,73054900,9361,73679708,46234443,25210157,78435975,88282137,22989,2561,11765
71471910,3262,73057469,7518,73691182,46240782,25213025,78433671,88271356,22425,4207,32102
71470521,7292,73058491,11676,73681432,46244364,25210588,78430892,88277274,7245,6013,14316
71470137,7693,73059565,4464,73684503,46229591,25211355,78430125,88278648,4229,7854,6770
71471594,839,73059797,10814,73688878,46234151,25212449,78433039,88278968,21291,10625,10938
71470938,5132,73061550,16293,73695146,46245548,25214016,78431727,88276966,27067,11036,3502
71470350,8022,73067676,3923,73687313,46243263,25212058,78430551,88272005,5369,13360,20558
71469501,2083,73067701,3527,73683375,46242348,25211073,78428853,88282237,31733,5240,4920
71470486,3801,73066725,6800,73681306,46243690,25210556,78430822,88266861,18049,8268,26705
71470791,1200,73054821,12826,73686333,46231301,25211813,78431432,88266391,32615,3557,18370
71470022,5448,73061394,7097,73695148,46236698,25214017,78429895,88268950,5129,2568,3127
71470663,4943,73073507,4921,73683497,46234395,25211104,78431176,88274976,11224,13835,13799
71471838,3317,73052439,8936,73683278,46229430,25211049,78433526,88274599,20926,5645,10326
71471612,6859,73080960,13326,73684965,46237845,25211471,78433075,88279644,18916,8391,1491
71469657,4580,73078354,9213,73687395,46239314,25212078,78429165,88273548,23872,9779,27073
71471725,5065,73059317,6819,73685370,46239217,25211572,78433301,88271691,6191,8796,22090
71470619,3303,73061502,2832,73681874,46244149,25210698,78431089,88277768,29316,6315,4350
71469373,501,73054503,1390,73691476,46232331,25213099,78428596,88266897,27326,9475,6112
71471487,2627,73077104,8931,73684367,46236379,25211321,78432825,88270170,22646,598,913
71469579,6592,73055342,10567,73685170,46239959,25211522,78429009,88269188,1128,13642,26400
71471715,2667,73065058,10436,73689983,46237781,25212725,78433280,88266363,1173,11286,20714
71472296,4154,73076627,10424,73684169,46230406,25211272,78434442,88268393,22372,1784,8649
71473151,344,73077988,15351,73692153,46237826,25213268,78436153,88279446,11,4027,30290
71470508,4070,73073665,552,73685155,46244640,25211518,78430866,88281809,2784,2379,1622
71471087,4473,73060067,11109,73689631,46242487,25212637,78432025,88266601,16258,9164,976
71471054,3520,73057755,5371,73694981,46245491,25213975,78431958,88267618,23665,1782,16956
71472140,5341,73059645,7767,73681158,46241442,25210519,78434130,88267129,173,5557,23720
71471652,7176,73057147,1895,73687723,46235321,25212160,78433155,88270131,12519,15686,14221
71471052,6605,73080274,11780,73686574,46233136,25211873,78431954,88277517,5475,11064,26670
71473194,3423,73067264,12263,73694562,46233609,25213870,78436239,88282449,15770,6000,16832
71470497,8095,73076003,16301,73684869,46229629,25211447,78430844,88278793,25872,593,16569
71471571,5418,73059317,6570,73686932,46244661,25211963,78432992,88269509,18541,6232,17763
71470667,7698,73068750,6051,73691315,46234094,25213058,78431184,88271343,26950,1902,14309
71472650,4455,73061690,7374,73681415,46242154,25210583,78435150,88267788,14287,11127,3931
71470960,2196,73060241,7058,73690655,46234026,25212893,78431771,88281690,6686,15680,22685
71471878,1183,73068473,3887,73679521,46231675,25210110,78433606,88279673,8941,5056,15931
71472579,7110,73069724,5348,73679299,46235588,25210054,78435009,88267381,26098,12132,4946
71472979,765,73084035,3555,73689919,46241887,25212709,78435809,88279745,24504,10947,5736
71470034,4729,73076562,5892,73690724,46231987,25212911,78429918,88268283,15120,14083,27780
71470860,2707,73052530,13620,73692843,46239509,25213440,78431571,88271222,19782,14982,19033
71471895,39,73066955,6373,73689498,46244746,25212604,78433640,88267931,20683,8815,20505
71472060,6157,73077091,1713,73686001,46243766,25211730,78433971,88278234,15534,3647,3098
71471933,2176,73060283,14176,73679734,46236874,25210163,78433717,88266614,3591,8420,26012
71472491,5964,73063834,919,73687922,46244895,25212210,78434833,88279832,26895,9867,22150
71472509,2243,73057415,3950,73688160,46231203,25212270,78434869,88278988,32044,4893,26649
71469540,4060,73075709,12634,73687858,46245443,25212194,78428931,88280210,21728,9973,2288
71471564,473,73069225,10801,73688668,46231449,25212397,78432978,88271351,2424,4187,1664
71470784,176,73062944,15081,73695479,46231250,25214099,78431418,88272268,6747,4994,10747
71471901,7403,73080763,1999,73684605,46243242,25211381,78433652,88269779,11526,398,1309
71470297,4870,73051993,13746,73687293,46232186,25212053,78430445,88273185,31709,1085,8235
71471424,2499,73054140,14914,73690605,46240831,25212881,78432699,88281365,19726,12738,15910
71469765,2554,73054295,13958,73682702,46239156,25210905,78429381,88279311,11019,5901,18787
71472101,563,73072492,9567,73693089,46241327,25213502,78434053,88277489,3425,10140,17692
71471490,2354,73080049,7493,73692684,46235821,25213401,78432830,88273544,10710,6909,4873
71472412,3413,73072852,1870,73680990,46243426,25210477,78434674,88277430,27972,4961,3061
71470341,827,73061669,4944,73688826,46238054,25212436,78430532,88266699,11215,9844,12395
71470135,4639,73080403,14285,73683547,46236322,25211116,78430121,88281882,28925,12470,12732
71471985,846,73061504,8673,73682119,46234095,25210759,78433821,88267009,5131,5344,98
71470643,1782,73054155,2335,73686129,46232678,25211762,78431137,88276757,15026,1930,30220
71472044,4987,73077611,7090,73694520,46244626,25213860,78433939,88271958,8004,10572,10300
71469264,473,73056955,15088,73688668,46230107,25212397,78428378,88269122,27939,6362,26039
71471267,7577,73071625,861,73689442,46238092,25212590,78432384,88268301,60,14993,1835
71469908,6414,73068915,10249,73691203,46242756,25213030,78429667,88281575,21364,3366,16446
71470095,3474,73071793,763,73681253,46236790,25210543,78430041,88278223,11160,427,15176
71472512,5489,73062044,11870,73685840,46234552,25211690,78434875,88273369,28964,8584,27487
71472030,7426,73075749,11994,73680653,46235435,25210393,78433910,88270115,19372,8410,3309
71472236,2833,73083345,7891,73683898,46241407,25211204,78434323,88274851,6518,14341,17988
71471181,1965,73061397,15217,73689667,46239640,25212646,78432213,88271006,4394,13207,32277
71471146,5586,73055992,14350,73683553,46243438,25211118,78432143,88274783,28854,14137,23505
71469952,4679,73075856,152,73689163,46238601,25212520,78429755,88269305,12439,15399,10240
71472572,4936,73053593,12791,73690257,46243770,25212794,78434994,88276968,24124,13900,20650
71471523,7738,73066356,10388,73694175,46230544,25213773,78432896,88276687,18855,10477,6685
71471492,3485,73051764,14023,73679952,46236643,25210218,78432834,88266777,11046,5539,31611
71469428,6726,73059573,14260,73687149,46237148,25212017,78428706,88271482,28221,3450,19808
71473294,6510,73057516,3255,73687562,46239084,25212120,78436439,88272384,9801,13608,2269
71469790,2027,73083608,13280,73692630,46239732,25213387,78429431,88271636,21362,2178,24995
71470377,6695,73068344,12365,73693753,46238655,25213668,78430604,88272875,20606,2560,2527
71471878,1776,73057784,7490,73694240,46237642,25213790,78433607,88281677,24781,13616,1143
71470845,6430,73077583,4166,73680438,46234940,25210339,78431541,88282250,26810,8404,23839
71470722,2747,73067043,9103,73680830,46244459,25210437,78431294,88268637,23234,14201,14699
71471725,5063,73064457,9923,73682667,46232204,25210896,78433301,88281927,1702,9262,20233
71471346,6966,73076355,8297,73682730,46239244,25210912,78432542,88280581,28514,324,25625
71471160,2016,73081070,15366,73693931,46240369,25213712,78432171,88277310,4738,15349,31487
71470090,6008,73080060,13045,73681321,46233050,25210560,78430030,88272925,7577,6572,25954
71470971,2068,73080998,12135,73680618,46243962,25210384,78431792,88275275,30694,16327,22564
71469508,3075,73077075,4652,73682236,46230443,25210789,78428866,88275953,23753,6881,24910
71469784,7674,73077009,14005,73691211,46230281,25213032,78429419,88272593,12846,2850,22583
71471069,8065,73083129,12298,73692877,46233516,25213449,78431988,88267043,8253,1369,4512
71471160,7796,73083234,14653,73690378,46239309,25212824,78432171,88281840,27911,3532,26620
71471090,6004,73068229,3515,73692136,46235101,25213264,78432031,88281226,9612,12762,1317
71469751,3591,73075165,8256,73693940,46240243,25213715,78429352,88281857,25983,11296,31525
71469410,7813,73080333,1187,73680967,46240713,25210471,78428671,88277274,13082,16026,15207
71469686,4272,73058818,6795,73679280,46241371,25210050,78429222,88274277,3095,15646,30414
71471832,3939,73053916,7933,73690042,46231173,25212740,78433515,88278140,21134,15831,18770
71473105,6690,73052494,12256,73686993,46240863,25211978,78436060,88276659,12732,7801,22045
71469762,2969,73054514,15329,73688581,46229918,25212375,78429375,88271270,31454,12035,17971
71471330,2619,73059288,7205,73689775,46229429,25212673,78432511,88268163,20031,6220,28214
71469593,2993,73066389,7017,73688684,46232397,25212401,78429036,88277595,10225,2223,6012
71470001,2191,73081715,14231,73683843,46235705,25211190,78429852,88270399,6423,2010,7838
71470543,7230,73054553,1651,73679819,46239948,25210184,78430936,88267300,8016,1370,27394
71470665,1786,73052959,7286,73691588,46231919,25213127,78431181,88273507,17859,13768,15370
71469800,7029,73063278,5690,73687098,46241641,25212004,78429451,88273387,11038,14435,32045
71471839,4854,73072106,7118,73681781,46231998,25210675,78433529,88278997,19905,242,16402
71471504,2944,73061009,10005,73687125,46238584,25212011,78432859,88273669,16574,3545,27810
71471768,7023,73063319,3731,73695159,46234626,25214019,78433386,88280339,31234,4217,4601
71470788,1644,73077810,9582,73681501,46235122,25210605,78431426,88268563,10205,2942,4347
71473116,3151,73063581,10829,73686659,46233134,25211894,78436083,88278529,25013,3032,6895
71470079,5897,73059188,3900,73694371,46244917,25213822,78430009,88274895,25053,6326,15405
71471916,535,73067619,186,73687576,46237398,25212124,78433682,88271726,31975,1269,28458
71469833,7279,73076233,10227,73680029,46230244,25210237,78429517,88267367,15619,15172,20002
71470369,2179,73065405,4806,73683790,46229929,25211177,78430589,88271954,13051,2679,31104
71471970,7084,73076953,15871,73679195,46241177,25210028,78433791,88276409,30868,512,22363
71473127,3801,73064224,13908,73681306,46243814,25210556,78436105,88282130,26437,14754,14810
71471357,7735,73074366,3262,73690118,46235837,25212759,78432564,88281432,6329,5852,18651
71472042,7622,73052926,9333,73685543,46241309,25211615,78433935,88273953,22563,7682,31897
71469784,5626,73059254,11323,73689168,46233955,25212522,78429418,88280298,9456,14831,14859
71472782,3814,73078344,16143,73682711,46238596,25210907,78435415,88281460,2095,9595,2763
71472564,1637,73065810,468,73688260,46235835,25212295,78434978,88275971,2531,1348,30466
71472008,7995,73063956,4542,73683100,46233957,25211005,78433866,88276852,20216,9073,7166
71472515,4192,73057621,44,73687080,46243149,25212000,78434881,88269397,3344,5441,2990
71472622,4341,73055944,8416,73690408,46232132,25212832,78435095,88279575,13045,9722,12859
71469415,5746,73051584,10732,73688339,46234554,25212314,78428681,88268442,15616,7943,32553
71472120,4614,73057900,14841,73682091,46233717,25210752,78434091,88268810,3336,14024,11679
71470053,7992,73082298,12358,73695268,46234492,25214047,78429957,88268860,27549,11729,14709
71469641,4623,73070815,12194,73694311,46230268,25213807,78429132,88267747,17374,5989,28347
71470514,7141,73051409,12579,73688918,46236079,25212459,78430879,88276089,7956,3729,3893
71473289,7184,73069101,11510,73682314,46245304,25210808,78436428,88268921,31181,350,23275
71472860,517,73062482,8399,73679361,46232712,25210070,78435570,88267590,16493,6117,20135
71472267,1684,73073721,7055,73687116,46241520,25212009,78434385,88277146,23025,191,1056
71471665,324,73058722,9897,73681232,46235084,25210538,78433181,88275665,6596,9155,16742
71471296,3559,73055343,9618,73682968,46243971,25210972,78432443,88270204,1802,9711,31126
71470025,3404,73081566,13271,73684995,46238002,25211478,78429900,88281670,4473,11872,10107
71472588,4985,73067338,9474,73691817,46245396,25213184,78435026,88269164,28531,7420,24678
71472914,6006,73081779,9731,73694840,46239033,25213940,78435679,88281331,11290,11468,28363
71471055,7624,73071292,2588,73688299,46232491,25212304,78431961,88268112,20221,3721,4740
71470435,398,73054881,9303,73684249,46231977,25211292,78430721,88276627,29078,4762,30873
71471246,484,73066989,11864,73685964,46233971,25211721,78432343,88268723,15690,7476,32001
71470340,2034,73069106,7495,73685870,46235252,25211697,78430530,88278081,19835,2526,6819
71469514,5788,73069511,4645,73680383,46233915,25210325,78428879,88281925,14949,7966,6621
71470252,1521,73065416,3698,73694499,46239872,25213854,78430355,88279814,2834,9815,8914
71469393,3236,73075519,4208,73688375,46234037,25212323,78428637,88275138,31571,12328,20188
71471636,4531,73058248,7147,73687187,46237518,25212026,78433122,88280510,1238,12969,455
71470058,3195,73057131,10825,73681407,46229834,25210581,78429967,88268123,24767,14443,25550
71470480,8172,73066264,3118,73691993,46243639,25213228,78430811,88268700,4073,13163,31495
71471078,1664,73054904,15220,73692421,46241733,25213335,78432006,88279775,30747,14993,26864
71471857,1293,73083939,11669,73681342,46243722,25210565,78433565,88270648,22338,1623,23609
71470424,3445,73074661,5858,73691963,46242288,25213220,78430699,88275466,4008,15423,3259
71469742,8096,73066973,9874,73686221,46240364,25211785,78429335,88281009,3812,14698,21825
71471883,5775,73057418,12320,73695203,46239128,25214030,78433616,88269145,26125,13610,11136
71471129,7231,73053572,15048,73681170,46239258,25210522,78432109,88268311,9983,9985,8190
71470589,6574,73069651,11924,73693230,46241376,25213537,78431029,88282155,27538,4144,28560
71470023,1821,73069584,5998,73690393,46240678,25212828,78429896,88266974,23130,10781,18799
71473107,1648,73072957,9554,73686961,46241041,25211970,78436065,88280508,2176,7119,28348
71470696,598,73076363,15942,73691892,46241536,25213203,78431242,88271309,25589,7782,5867
71471323,3448,73081967,9810,73679794,46240536,25210178,78432496,88277756,1730,15141,29510
71469652,6585,73052361,6310,73691931,46239429,25213212,78429155,88277111,20349,14620,31306
71472723,5576,73083018,8071,73686205,46230282,25211781,78435297,88273960,8263,10117,25314
71471767,6794,73077824,2479,73695521,46241735,25214110,78433385,88269793,2565,16041,15517
71473008,2613,73059719,3016,73681610,46245180,25210632,78435866,88276039,501,819,18385
71473098,4264,73053415,5302,73685988,46231825,25211727,78436046,88276395,16217,7349,17528
71472407,4956,73074550,9879,73684900,46240886,25211455,78434664,88281289,18424,4508,18013
71470880,6573,73070692,15740,73691878,46235813,25213199,78431610,88268705,20847,12010,30995
71469982,3299,73083070,6259,73692691,46236426,25213402,78429815,88280740,32255,16174,29941
71471355,5535,73062396,8152,73679289,46241765,25210052,78432560,88276546,10443,1970,12195
71472349,4922,73078193,1017,73687500,46234537,25212105,78434549,88267880,2163,11588,308
71472133,5481,73077752,14549,73691248,46233654,25213042,78434117,88276843,14537,6393,9366
71470495,4963,73052808,1285,73694416,46232431,25213834,78430840,88267237,3728,12966,13289
71471659,4987,73067389,10045,73694520,46238976,25213860,78433169,88273909,13722,16203,22887
71472673,8124,73082415,10796,73691785,46242753,25213176,78435197,88266279,28535,3791,30874
71473163,3374,73061901,3914,73693003,46241758,25213480,78436176,88278432,23753,11553,16685
71471995,4171,73079649,14381,73691032,46232256,25212988,78433840,88267673,23302,13725,29589
71472965,2215,73063465,13361,73682596,46239343,25210879,78435780,88275061,24566,6144,22461
71469540,6468,73051910,600,73680595,46239782,25210378,78428930,88266835,26975,14490,29101
71469773,5809,73071309,7439,73692655,46239427,25213393,78429397,88276782,25930,14890,14447
71470988,1390,73074127,1269,73683110,46232204,25211007,78431826,88278448,12949,1406,12995
71470010,7330,73075129,5955,73684292,46235682,25211303,78429871,88274435,19252,9134,13483
71472964,4131,73065609,8893,73685416,46235188,25211584,78435779,88276571,10307,4616,16439
71472967,3672,73070280,8025,73686141,46242157,25211765,78435784,88278464,24576,106,2939
71469958,6235,73067930,15959,73693124,46234261,25213511,78429767,88274244,6295,6201,29650
71472524,4521,73064648,14772,73689838,46236945,25212689,78434898,88269487,327,14578,27477
71472988,1837,73081764,2402,73679628,46231298,25210137,78435826,88277478,23754,8671,7672
71472699,3110,73056898,1982,73681040,46242820,25210490,78435249,88274827,2431,13452,10576
71470476,400,73061449,2508,73687004,46239975,25211981,78430802,88276865,25195,6993,2910
71470838,4131,73073411,9704,73685417,46243346,25211584,78431527,88276024,14071,733,11355
71471331,159,73066361,14085,73690018,46239555,25212734,78432512,88282378,7241,4412,26360
71473163,7464,73069116,11362,73683512,46239021,25211108,78436176,88269503,8817,8731,15837
71472322,6170,73076446,14922,73686053,46231304,25211743,78434495,88271524,32670,14292,30407
71469646,3629,73075091,6776,73679224,46238785,25210036,78429143,88281736,15232,1224,5446
71472417,1528,73057850,10842,73687790,46230353,25212177,78434684,88268704,23282,14338,1631
71472494,7332,73057793,9732,73687049,46235529,25211992,78434839,88277647,18971,870,5768
71471864,3415,73060564,11100,73683694,46230103,25211153,78433579,88279335,3305,6458,5817
71471996,4436,73051593,2153,73688123,46241044,25212260,78433842,88280786,6472,4393,27966
71473055,5485,73052488,5434,73680433,46243154,25210338,78435960,88270268,22251,6679,23431
71470746,2468,73080307,11788,73680985,46233554,25210476,78431342,88280039,32686,1258,17139
71471309,7436,73060439,3162,73694225,46241145,25213786,78432469,88280324,3521,666,31546
71469732,2172,73065482,10317,73690551,46245379,25212867,78429314,88278353,15526,2988,5278
71471656,2321,73069707,5165,73680361,46236539,25210320,78433162,88276289,29467,8074,31653
71473224,740,73072341,4721,73688463,46243228,25212345,78436299,88270770,18434,8527,3497
71471585,1436,73080773,12544,73695487,46235892,25214101,78433021,88279328,17291,13248,15756
71469942,3432,73053436,2736,73690558,46233048,25212869,78429735,88276903,17334,3303,16915
71470732,4355,73052435,4643,73693164,46232697,25213521,78431314,88266906,11885,13893,18936
71470639,5030,73077467,8285,73687968,46232748,25212222,78431129,88266956,21465,298,9309
71472785,5255,73078884,10980,73694315,46244071,25213808,78435421,88274631,11187,5615,17703
71470248,2919,73064689,6975,73685617,46244255,25211634,78430347,88280535,29345,5912,10996
71473071,5049,73060078,10396,73679911,46237686,25210207,78435992,88280205,30799,13582,31403
71469660,6827,73061040,15109,73690269,46230784,25212797,78429171,88271762,5676,7492,19538
71471288,248,73069155,2741,73693086,46235099,25213501,78432427,88274269,182,4327,14031
71469840,1705,73079187,14389,73683113,46244660,25211008,78429531,88280040,21020,888,6199
71469918,1320,73081418,6360,73685503,46229824,25211605,78429686,88266545,4573,1326,7755
71469299,7022,73056967,16090,73693807,46233444,25213681,78428449,88272139,10641,12854,28317
71469303,2812,73066005,13828,73687902,46233273,25212205,78428456,88267293,7668,3635,17537
71470063,4691,73063887,291,73689214,46243694,25212533,78429977,88271392,1784,9802,2734
71470699,528,73056205,5493,73694284,46238221,25213801,78431249,88280583,21130,15632,1797
71473121,4415,73068773,235,73692075,46230708,25213248,78436092,88278970,23496,9366,32167
71469574,3867,73069163,10532,73689731,46234086,25212662,78428998,88278531,27524,15522,12558
71469537,1271,73057285,11828,73683943,46229997,25211215,78428925,88270305,26593,8726,28768
71470232,4931,73055283,15344,73683445,46230372,25211091,78430314,88275245,17225,15901,3576
71469543,7271,73080301,4154,73685385,46233020,25211576,78428937,88278027,3655,1658,14319
71470993,5224,73082034,12425,73686047,46234482,25211741,78431836,88266700,7978,5190,27558
71473138,4677,73055855,456,73686407,46234765,25211831,78436127,88277291,17484,12202,26741
71472572,4406,73061160,1067,73681205,46240413,25210531,78434994,88277431,15682,8615,21833
71470239,4960,73056236,9591,73690360,46236080,25212820,78430328,88279648,19584,7489,26899
71470614,7364,73072012,7518,73681745,46239348,25210666,78431078,88272933,29093,2744,9417
71470689,2490,73082321,13199,73694609,46235758,25213882,78431228,88270518,9525,10278,22133
71471552,6767,73052519,8996,73694065,46243985,25213746,78432954,88275231,23762,5524,11929
71469271,457,73058407,16123,73683157,46233937,25211019,78428392,88270015,6106,12132,28743
71471440,7806,73060147,14330,73687726,46245756,25212161,78432730,88268265,17850,6993,12361
71470210,738,73078369,10524,73685707,46245542,25211656,78430271,88279218,2942,14206,13441
71470295,3223,73063954,3910,73686971,46244052,25211972,78430441,88268772,22157,5908,21800
71470306,2251,73063139,738,73682753,46234790,25210918,78430462,88268321,11306,841,4213
71472809,954,73052395,2963,73681236,46231080,25210539,78435468,88270987,24292,587,29493
71471956,2172,73067256,9342,73690550,46231181,25212867,78433763,88270885,5821,12190,375
71472522,3216,73072465,10559,73693679,46237478,25213649,78434894,88273209,10445,3716,17618
71473225,566,73064372,6591,73680921,46242139,25210460,78436301,88276321,622,3081,2783
71471409,2435,73065414,7512,73684885,46244830,25211451,78432668,88280732,32675,11897,22109
71472181,2059,73065080,6056,73685974,46241709,25211723,78434213,88281833,31456,7747,5935
71470589,6652,73070128,4133,73684080,46231793,25211250,78431029,88267227,29265,9834,13257
71473256,2221,73080585,15384,73690760,46237633,25212920,78436362,88275398,25322,12968,28014
71470243,660,73057438,13246,73693507,46237090,25213606,78430337,88272495,24436,1213,6535
71472960,4902,73055102,3997,73695508,46243148,25214107,78435771,88278601,15375,4398,11576
71469580,7809,73076148,14085,73691783,46244085,25213175,78429011,88268813,22520,10476,6854
71470447,6774,73060406,12235,73685952,46242922,25211718,78430744,88270646,4703,13860,24060
71470317,6780,73082703,9753,73694117,46231303,25213759,78430484,88272608,21125,1708,13587
71472344,7508,73060939,14619,73694536,46234014,25213864,78434539,88278079,14599,9468,3485
71469989,2529,73054527,2886,73681247,46238471,25210541,78429829,88269479,29861,9849,5255
71472977,231,73058627,8114,73686223,46234727,25211785,78435804,88274945,8425,2701,24843
71471039,2594,73054003,5411,73688318,46244936,25212309,78431929,88268348,12091,16366,24885
71472598,7423,73075951,8786,73694173,46239380,25213773,78435047,88279380,23910,1728,28351
71472877,8147,73080356,7920,73690536,46245376,25212864,78435605,88274258,26362,8390,11873
71471636,8042,73054900,10932,73679253,46236201,25210043,78433122,88281679,18668,15640,13655
71470506,3463,73054433,10152,73683902,46238081,25211205,78430862,88268097,23620,10253,30847
71472608,1716,73081270,13038,73681813,46232131,25210683,78435066,88273179,25429,5724,5821
71471024,7860,73065612,8030,73679823,46242235,25210185,78431898,88276952,3392,13154,24309
71471376,265,73081753,8690,73683675,46244089,25211148,78432602,88266543,11165,3723,27469
71471163,4369,73058600,15712,73679696,46230785,25210154,78432177,88280142,14271,5811,9023
71469928,6515,73073622,8539,73694323,46234874,25213810,78429706,88274770,13120,3301,25195
71469459,145,73075594,10788,73687263,46235454,25212045,78428769,88270495,20075,14375,31129
71471246,5785,73066968,7669,73692550,46232861,25213367,78432343,88267077,23609,8299,28139
71469738,6355,73069896,15520,73692294,46230207,25213303,78429327,88281245,3441,12815,23956
71471317,7598,73073241,11332,73685439,46241515,25211589,78432485,88269727,14270,3539,30872
71470230,7613,73055356,3171,73689599,46237953,25212629,78430311,88269373,20151,16002,7924
71470426,3295,73056952,10158,73687282,46239377,25212050,78430702,88269078,5956,3939,4278
71469705,6217,73058418,13865,73684908,46239477,25211457,78429260,88270773,32389,6594,27890
71471700,7396,73065798,10074,73692716,46244732,25213409,78433251,88280556,904,8984,29649
71472982,4216,73062819,10908,73687184,46238036,25212026,78435814,88280110,4573,10834,1907
71469487,4414,73062320,11822,73690723,46244966,25212910,78428824,88276218,7280,9891,26083
71470588,8026,73083521,14401,73692720,46235089,25213410,78431027,88268517,23356,11674,22856
71470026,2617,73078037,1903,73687070,46237747,25211997,78429903,88279399,5145,9897,21128
71471258,5347,73057284,5296,73689322,46230755,25212560,78432366,88278698,32037,4075,32547
71470871,2123,73061232,460,73688990,46235329,25212477,78431593,88275623,4034,1133,25318
71472383,3846,73083897,1990,73693682,46237262,25213650,78434617,88270066,28847,7592,22736
71469690,4124,73078868,247,73692176,46230851,25213274,78429230,88269857,16585,9504,10861
71471532,3204,73077887,14740,73693626,46243678,25213636,78432914,88278427,4812,15542,8351
71472304,1671,73057071,7149,73685661,46237051,25211645,78434458,88279133,14119,10693,18580
71469868,7971,73079615,8327,73682997,46245418,25210979,78429586,88280026,26576,10842,270
71470534,280,73069460,6633,73687834,46233023,25212188,78430918,88279369,11372,390,3582
71469812,832,73057328,14828,73679363,46231611,25210070,78429475,88268468,13818,13944,18617
71469394,3113,73070646,2447,73685096,46235993,25211504,78428639,88267707,13433,9988,8561
71470987,4538,73072408,15283,73680426,46245115,25210336,78431824,88273080,18610,15780,32511
71469732,3454,73054104,9375,73687959,46239074,25212219,78429315,88273933,15582,4055,14791
71470174,6307,73072644,13558,73692086,46230948,25213251,78430199,88270500,24388,12277,30392
71469352,4169,73061803,14176,73688328,46235120,25212312,78428554,88267814,11417,3753,16953
71473136,4338,73060966,1078,73686301,46238818,25211805,78436123,88268752,23175,1179,18639
71470389,1783,73058752,5838,73687532,46238208,25212113,78430628,88277269,13420,3592,20492
71471880,491,73081758,9418,73695480,46238581,25214100,78433610,88277360,26568,1895,1182
71470631,3811,73053857,6674,73694878,46242336,25213949,78431113,88272600,14088,14093,32198
71472475,4451,73080095,10662,73692230,46244712,25213287,78434800,88271533,22222,9246,28810
71470080,2426,73052850,11011,73688940,46235284,25212465,78430010,88280228,3999,6264,4425
71472565,4476,73078635,3542,73693687,46238821,25213651,78434981,88271847,31415,494,2688
71471863,492,73062494,9072,73679257,46232882,25210044,78433576,88269460,16165,2921,13748
71472862,6115,73057936,5547,73680437,46232303,25210339,78435575,88278638,30208,8098,18367
71473245,567,73072457,8940,73682273,46235118,25210798,78436340,88271701,13859,8240,3599
71471504,3489,73076226,7348,73685361,46236495,25211570,78432858,88269880,27017,14424,1306
71473079,1984,73069806,15764,73682958,46237336,25210969,78436008,88266988,27419,9374,24347
71471252,6544,73055443,11420,73684962,46233927,25211470,78432355,88270888,19662,14093,1598
71470981,1810,73072576,254,73691693,46230272,25213153,78431812,88271734,30575,14295,28411
71471274,5324,73063616,10898,73690570,46244497,25212872,78432399,88274855,4480,10713,27950
71471159,6819,73071079,2855,73679401,46239304,25210080,78432168,88271669,22492,13944,11915
71472151,1163,73059725,13796,73684825,46240490,25211436,78434152,88274284,12725,2848,25452
71473095,5194,73068833,12848,73680535,46240974,25210363,78436041,88272140,23814,4085,19299
71470032,6839,73067426,14229,73690320,46231449,25212810,78429914,88267622,27179,12792,1210
71469841,5461,73074558,8546,73680329,46230461,25210312,78429533,88271120,24405,13250,18857
71471104,5911,73059307,1485,73680902,46235211,25210455,78432058,88276721,2111,3822,18373
71470443,6935,73063659,7631,73689386,46234615,25212576,78430737,88276588,24176,6710,2851
71471383,1357,73070691,7806,73687062,46239879,25211995,78432617,88266376,32245,3374,30286
71469357,1870,73081801,2937,73691953,46238099,25213218,78428565,88272541,19903,6390,21314
71472118,114,73064413,3853,73693866,46235857,25213696,78434087,88267605,19009,7848,2482
71469750,122,73054977,9952,73688510,46235628,25212357,78429351,88279930,19009,16079,12992
71471299,4986,73083097,632,73693169,46238197,25213522,78432449,88269592,31872,5648,20869
71472428,7484,73059924,1986,73694433,46230469,25213838,78434707,88272965,15564,8209,28503
71470779,40,73079442,7252,73690850,46240489,25212942,78431409,88266756,15657,6657,21524
71470747,5706,73081305,1623,73682722,46240179,25210910,78431344,88280456,11224,11033,3761
71469542,6585,73083019,10949,73691931,46244572,25213212,78428934,88280143,2481,502,18081
71471674,8016,73064425,14024,73695372,46239374,25214073,78433199,88275499,9344,14165,8330
71472071,5867,73083958,9296,73686103,46242112,25211755,78433993,88266307,32043,11319,19420
71470481,6274,73076964,10451,73681113,46230112,25210508,78430813,88279509,3727,1417,1881
71473231,5347,73059734,2898,73689323,46236824,25212560,78436312,88272875,23316,4571,12916
71471566,5394,73065114,16174,73686828,46244832,25211937,78432982,88277304,1263,11709,7413
71470569,7097,73062122,4164,73679247,46240022,25210041,78430988,88279631,32509,10597,23881
71471127,1157,73081146,11091,73692937,46244633,25213464,78432105,88280231,6356,287,32258
71470401,3491,73072832,13305,73688117,46238996,25212259,78430652,88271011,20321,10312,672
71473095,5577,73059858,5877,73687609,46243213,25212132,78436041,88277962,5318,9436,8394
71470192,5834,73071363,3601,73692759,46233014,25213419,78430234,88273575,3888,14717,10016
71469654,2922,73083017,7699,73689724,46230731,25212661,78429159,88272655,23104,3410,16228
71472239,8096,73065692,11206,73686220,46229768,25211785,78434328,88278976,19120,14044,24742
71470207,5368,73061403,9363,73683968,46240248,25211222,78430265,88266752,10195,5728,20978
71471198,7005,73062533,665,73686995,46236940,25211978,78432247,88276336,2304,16252,21202
71471221,1618,73079358,15544,73694917,46237046,25213959,78432292,88282433,8270,1612,22215
71470787,3750,73070943,4965,73694617,46230630,25213884,78431425,88269775,5061,5847,24784
71472185,2674,73083250,509,73683223,46229887,25211035,78434220,88270252,2627,163,5181
71472931,5995,73064928,4266,73679916,46229847,25210209,78435712,88273407,4486,13416,23502
71471883,8016,73052916,5448,73695372,46229786,25214073,78433616,88273813,4828,9477,14859
71472234,5121,73053249,3187,73680223,46235357,25210285,78434318,88269435,2911,522,13723
71469949,5047,73070281,10493,73693430,46244465,25213587,78429749,88271325,19011,5242,671
71473240,3004,73055212,13570,73685980,46231045,25211725,78436330,88282233,18408,5880,9596
71472965,3670,73054747,7149,73683437,46242884,25211089,78435780,88279078,23400,3443,32033
71473065,7662,73060120,9749,73691158,46240381,25213019,78435981,88277887,5860,6880,20266
71471071,1873,73063964,5233,73679784,46242222,25210176,78431992,88277520,15024,15685,12407
71472143,7878,73058081,10374,73686688,46237093,25211902,78434137,88267166,12659,13155,20049
71472681,4678,73065963,13669,73687810,46239296,25212182,78435213,88266509,24494,12680,12496
71469565,4295,73057137,14992,73692904,46234241,25213456,78428981,88281791,6393,12527,7030
71472293,6546,73056311,6376,73687719,46245352,25212159,78434437,88268026,10323,5440,24965
71472932,63,73059866,9194,73689602,46237439,25212630,78435714,88268972,30166,2126,5707
71472776,6670,73051530,12462,73692297,46231780,25213304,78435403,88266561,7636,14237,27981
71470334,6046,73052785,1995,73684180,46241843,25211275,78430519,88278911,28327,1950,1238
71469794,2791,73051782,15875,73691855,46232445,25213193,78429438,88280827,28026,5875,8127
71471889,91,73053515,11164,73695114,46245703,25214008,78433629,88279400,16690,15436,21984
